Country,Year,Perceptions of corruption,Positive affect,Negative affect
Afghanistan,2008,14.42,8.38,4.18
Afghanistan,2009,1.25,9.44,3.57
Afghanistan,2010,11.47,10.18,4.35
Afghanistan,2011,12.11,10.11,4.27
Afghanistan,2012,12.56,1.11,4.28
Afghanistan,2013,13.43,10.21,4.33
Afghanistan,2014,14.31,8.52,6.15
Afghanistan,2015,14.41,9.14,5.39
Afghanistan,2016,13.13,9.25,5.48
Afghanistan,2017,15.54,8.16,6.11
Afghanistan,2018,15.28,7.04,6.45
Afghanistan,2019,15.24,5.51,8.22
Albania,2007,14.35,9.13,4.06
Albania,2009,14.24,1.04,4.39
Albania,2010,12.06,10.48,0.3
Albania,2011,14.37,10.28,4.17
Albania,2012,14.08,10.07,4.31
Albania,2013,14.23,10.34,5.38
Albania,2014,14.43,11.25,5.35
Albania,2015,14.45,11.28,0.35
Albania,2016,15.01,11.15,5.22
Albania,2017,14.36,11.09,5.34
Albania,2018,14.59,11.53,5.19
Albania,2019,15.14,11.21,4.34
Albania,2020,14.51,11.19,4.25
Algeria,2010,10.18,,
Algeria,2011,10.38,0.55,4.15
Algeria,2012,1.09,10.04,0.23
Algeria,2014,,10.26,2.57
Algeria,2016,,11.01,6.17
Algeria,2017,0.7,10.42,4.49
Algeria,2018,12.39,9.51,4.53
Algeria,2019,12.21,9.45,3.35
Angola,2011,15.11,10.59,6.01
Angola,2012,15.06,9.18,5.05
Angola,2013,13.36,10.58,6.11
Angola,2014,13.54,9.39,6.08
Argentina,2006,14.12,13.45,5.28
Argentina,2007,14.41,13.48,4.39
Argentina,2008,14.25,13.43,5.18
Argentina,2009,14.45,14.24,3.57
Argentina,2010,14.15,14.06,3.31
Argentina,2011,12.35,1.24,3.52
Argentina,2012,13.37,14.17,4.32
Argentina,2013,13.43,14.02,4.14
Argentina,2014,14.14,14.17,3.58
Argentina,2015,14.11,14.19,5.05
Argentina,2016,14.11,14.02,5.12
Argentina,2017,14.01,13.29,4.52
Argentina,2018,14.15,1.22,5.21
Argentina,2019,1.23,13.46,5.19
Argentina,2020,13.36,12.44,5.42
Armenia,2006,1.25,8.14,7.49
Armenia,2007,13.37,8.27,6.52
Armenia,2008,14.36,8.41,6.25
Armenia,2009,14.42,9.03,6.51
Armenia,2010,14.51,0.51,7.06
Armenia,2011,14.35,7.55,7.39
Armenia,2012,14.53,8.38,7.44
Armenia,2013,0.9,9.22,0.45
Armenia,2014,1.32,9.41,6.44
Armenia,2015,15.01,9.54,7.18
Armenia,2016,15.21,9.54,7.17
Armenia,2017,14.25,10.25,7.17
Armenia,2018,11.17,9.41,7.35
Armenia,2019,9.43,9.58,0.43
Australia,2005,0.39,14.03,3.58
Australia,2007,8.33,13.46,3.35
Australia,2008,7.11,13.46,3.38
Australia,2010,6.06,13.54,0.22
Australia,2011,6.22,13.36,3.15
Australia,2012,6.08,13.31,3.34
Australia,2013,7.12,13.39,2.57
Australia,2014,7.22,12.55,4.05
Australia,2015,5.57,1.19,0.21
Australia,2016,6.39,13.11,3.56
Australia,2017,6.51,1.18,3.45
Australia,2018,6.45,12.39,3.07
Australia,2019,0.43,1.17,3.22
Australia,2020,8.11,12.49,3.25
Austria,2006,0.49,13.43,2.54
Austria,2008,10.14,13.52,2.53
Austria,2010,9.06,13.35,2.36
Austria,2011,11.43,13.09,2.25
Austria,2012,12.51,13.42,2.37
Austria,2013,11.19,13.07,2.43
Austria,2014,9.27,1.18,0.17
Austria,2015,9.17,13.18,2.44
Austria,2016,8.44,12.36,3.17
Austria,2017,8.38,12.28,0.18
Austria,2018,8.43,12.32,3.46
Austria,2019,7.37,12.54,3.25
Austria,2020,7.44,12.49,3.26
Azerbaijan,2006,12.54,8.32,4.36
Azerbaijan,2007,14.31,8.41,4.44
Azerbaijan,2008,11.55,9.38,3.47
Azerbaijan,2009,12.34,9.04,3.54
Azerbaijan,2010,14.18,8.47,4.32
Azerbaijan,2011,13.15,8.56,4.18
Azerbaijan,2012,12.43,9.14,4.26
Azerbaijan,2013,11.39,10.19,4.02
Azerbaijan,2014,10.54,9.58,0.22
Azerbaijan,2015,10.16,10.07,3.26
Azerbaijan,2016,10.07,9.58,3.11
Azerbaijan,2017,10.53,9.52,3.18
Azerbaijan,2018,9.21,9.53,3.11
Azerbaijan,2019,7.37,10.43,2.44
Bahrain,2009,8.26,12.44,7.02
Bahrain,2010,11.55,11.25,7.03
Bahrain,2011,9.43,9.04,8.34
Bahrain,2012,7.18,9.49,6.21
Bahrain,2013,8.45,12.48,5.06
Bahrain,2014,,,
Bahrain,2015,,11.56,5.03
Bahrain,2016,,13.07,4.43
Bahrain,2017,,13.34,0.29
Bahrain,2019,,12.42,5.17
Bahrain,2020,,1.19,4.57
Bangladesh,2006,13.06,0.6,5.21
Bangladesh,2007,13.26,10.35,5.13
Bangladesh,2008,13.22,12.05,3.52
Bangladesh,2009,12.56,1.07,3.43
Bangladesh,2010,12.54,10.29,4.52
Bangladesh,2011,12.37,11.25,3.55
Bangladesh,2012,12.45,11.54,3.03
Bangladesh,2013,12.23,10.19,4.06
Bangladesh,2014,13.09,,3.51
Bangladesh,2015,12.01,10.35,3.46
Bangladesh,2016,11.28,0.56,3.55
Bangladesh,2017,10.35,9.29,3.34
Bangladesh,2018,11.41,9.01,6.01
Bangladesh,2019,10.56,8.57,6.09
Bangladesh,2020,12.22,9.42,5.32
Belarus,2006,11.48,10.05,4.29
Belarus,2007,11.35,9.56,3.55
Belarus,2008,11.36,,4.06
Belarus,2009,11.16,9.26,3.43
Belarus,2010,11.46,9.27,3.28
Belarus,2011,11.12,8.41,4.09
Belarus,2012,10.57,8.43,3.01
Belarus,2013,10.53,10.09,3.26
Belarus,2014,11.22,10.19,3.29
Belarus,2015,11.09,9.44,3.04
Belarus,2016,11.04,9.14,3.02
Belarus,2017,10.54,9.01,3.53
Belarus,2018,11.58,0.45,3.56
Belarus,2019,9.06,9.51,0.19
Belgium,2005,9.58,13.16,0.26
Belgium,2007,12.01,13.33,3.38
Belgium,2008,10.52,13.33,4.02
Belgium,2010,11.37,13.48,0.24
Belgium,2011,11.51,13.55,3.45
Belgium,2012,12.38,1.22,3.58
Belgium,2013,9.34,13.17,3.37
Belgium,2014,8.32,13.18,4.12
Belgium,2015,7.49,13.25,0.24
Belgium,2016,8.17,12.45,0.26
Belgium,2017,9.03,13.06,3.54
Belgium,2018,1.03,1.15,0.25
Belgium,2019,11.12,12.13,4.04
Belgium,2020,10.34,10.47,0.26
Belize,2007,12.49,12.39,4.11
Belize,2014,13.02,12.35,4.42
Benin,2006,1.19,9.47,5.09
Benin,2008,13.45,9.44,5.03
Benin,2011,14.09,10.26,3.39
Benin,2012,13.26,9.43,3.51
Benin,2013,14.16,11.42,3.36
Benin,2014,14.15,0.59,4.33
Benin,2015,1.25,9.52,6.13
Benin,2016,13.58,10.08,7.36
Benin,2017,12.47,10.15,7.38
Benin,2018,12.27,10.47,7.48
Benin,2019,11.38,10.59,7.21
Benin,2020,8.52,10.09,5.05
Bhutan,2013,13.22,12.59,3.37
Bhutan,2014,1.05,14.19,5.24
Bhutan,2015,10.34,1.21,5.12
Bolivia,2006,13.14,12.19,7.12
Bolivia,2007,13.37,12.51,6.28
Bolivia,2008,13.21,13.01,6.32
Bolivia,2009,12.43,13.17,6.12
Bolivia,2010,13.01,12.46,0.35
Bolivia,2011,13.45,12.41,6.01
Bolivia,2012,1.24,13.02,6.49
Bolivia,2013,13.32,12.39,0.41
Bolivia,2014,13.52,13.29,6.38
Bolivia,2015,14.22,13.06,6.33
Bolivia,2016,14.13,13.03,6.16
Bolivia,2017,13.39,11.38,7.14
Bolivia,2018,13.06,12.22,6.27
Bolivia,2019,14.17,12.31,6.59
Bolivia,2020,14.28,1.19,6.22
Bosnia and Herzegovina,2007,15.26,10.13,4.56
Bosnia and Herzegovina,2009,15.59,9.32,0.39
Bosnia and Herzegovina,2010,15.33,8.37,6.49
Bosnia and Herzegovina,2011,15.25,9.56,5.26
Bosnia and Herzegovina,2012,15.53,9.08,5.38
Bosnia and Herzegovina,2013,1.37,9.04,5.15
Bosnia and Herzegovina,2014,16.16,8.51,4.22
Bosnia and Herzegovina,2015,1.36,8.54,4.46
Bosnia and Herzegovina,2016,15.57,10.41,5.04
Bosnia and Herzegovina,2017,15.23,9.57,4.31
Bosnia and Herzegovina,2018,15.13,10.43,4.37
Bosnia and Herzegovina,2019,16.03,10.33,3.58
Bosnia and Herzegovina,2020,15.16,10.44,5.25
Botswana,2006,12.03,11.28,3.46
Botswana,2008,13.26,12.11,3.38
Botswana,2010,13.34,1.09,2.52
Botswana,2011,13.36,12.19,0.16
Botswana,2012,13.34,12.53,2.51
Botswana,2013,12.29,11.38,4.04
Botswana,2014,12.23,11.14,4.05
Botswana,2015,1.26,12.26,4.21
Botswana,2016,12.09,11.26,4.12
Botswana,2017,12.11,10.56,4.36
Botswana,2018,13.27,1.13,4.27
Botswana,2019,13.12,11.52,4.33
Brazil,2005,12.25,13.38,5.02
Brazil,2007,12.08,14.19,4.59
Brazil,2008,11.28,1.22,4.25
Brazil,2009,12.03,13.53,4.34
Brazil,2010,10.56,13.37,0.25
Brazil,2011,11.02,13.27,4.28
Brazil,2012,10.23,12.35,0.35
Brazil,2013,11.47,13.38,4.36
Brazil,2014,1.11,13.08,4.34
Brazil,2015,12.51,12.35,5.25
Brazil,2016,13.01,12.43,5.02
Brazil,2017,13.14,11.56,5.08
Brazil,2018,12.43,1.15,0.35
Brazil,2019,12.42,12.41,5.37
Brazil,2020,12.09,11.32,6.29
Bulgaria,2007,16.16,9.54,3.46
Bulgaria,2010,15.41,9.06,3.58
Bulgaria,2011,15.48,8.54,4.31
Bulgaria,2012,15.38,9.33,3.57
Bulgaria,2013,16.02,10.23,4.38
Bulgaria,2014,15.55,10.28,3.56
Bulgaria,2015,15.41,10.43,3.34
Bulgaria,2016,15.36,10.22,2.52
Bulgaria,2017,15.11,10.14,3.09
Bulgaria,2018,15.52,10.39,3.09
Bulgaria,2019,15.43,11.03,0.2
Bulgaria,2020,15.01,11.46,3.41
Burkina Faso,2006,13.18,11.56,4.26
Burkina Faso,2007,13.53,10.51,4.41
Burkina Faso,2008,14.47,8.43,5.04
Burkina Faso,2010,12.47,0.59,3.37
Burkina Faso,2011,11.47,9.39,3.25
Burkina Faso,2012,12.06,9.05,0.3
Burkina Faso,2013,12.45,1.03,4.47
Burkina Faso,2014,13.21,10.14,4.16
Burkina Faso,2015,11.33,9.39,5.59
Burkina Faso,2016,12.01,10.16,5.37
Burkina Faso,2017,12.07,9.45,5.54
Burkina Faso,2018,12.37,11.51,5.43
Burkina Faso,2019,12.09,11.31,6.05
Burundi,2008,1.26,0.44,4.13
Burundi,2009,11.58,10.41,2.44
Burundi,2011,11.17,11.29,0.19
Burundi,2014,13.28,10.56,4.11
Burundi,2018,9.59,11.06,6.03
Cambodia,2006,13.49,11.59,5.41
Cambodia,2007,14.39,,0.32
Cambodia,2008,14.48,12.19,5.35
Cambodia,2009,16.05,13.16,3.08
Cambodia,2010,14.56,12.54,7.02
Cambodia,2011,12.55,13.19,5.08
Cambodia,2012,1.29,1.22,5.52
Cambodia,2013,13.32,13.12,0.44
Cambodia,2014,14.03,13.03,8.02
Cambodia,2015,13.45,13.33,6.39
Cambodia,2016,1.24,13.59,6.38
Cambodia,2017,13.41,13.19,6.48
Cambodia,2018,,14.05,6.54
Cambodia,2019,13.48,14.04,0.39
Cambodia,2020,14.23,14.38,0.39
Cameroon,2006,15.07,10.06,4.31
Cameroon,2007,1.31,10.35,4.09
Cameroon,2008,15.45,0.6,5.12
Cameroon,2009,15.25,9.53,0.25
Cameroon,2010,14.35,10.06,4.34
Cameroon,2011,1.27,9.58,4.32
Cameroon,2012,14.58,10.18,4.44
Cameroon,2013,14.27,11.21,4.28
Cameroon,2014,14.16,10.23,3.36
Cameroon,2015,14.28,10.51,5.46
Cameroon,2016,14.39,11.02,6.07
Cameroon,2017,14.04,10.32,6.17
Cameroon,2018,14.44,10.42,5.56
Cameroon,2019,13.37,10.29,5.26
Cameroon,2020,13.57,1.03,6.26
Canada,2005,8.23,13.59,3.53
Canada,2007,6.46,14.32,4.17
Canada,2008,0.37,1.29,3.22
Canada,2009,6.53,14.27,4.08
Canada,2010,6.53,14.39,3.53
Canada,2011,7.13,14.41,4.08
Canada,2012,7.46,14.17,3.49
Canada,2013,6.46,14.11,4.23
Canada,2014,7.22,13.53,4.19
Canada,2015,7.07,14.05,4.46
Canada,2016,6.25,13.45,3.57
Canada,2017,6.02,14.23,3.38
Canada,2018,6.12,13.44,4.19
Canada,2019,7.16,13.42,4.45
Canada,2020,7.14,13.16,5.07
Central African Republic,2007,13.02,9.28,0.33
Central African Republic,2010,14.05,8.43,4.17
Central African Republic,2011,13.54,8.44,4.37
Central African Republic,2016,14.19,9.39,8.14
Central African Republic,2017,1.29,10.14,9.59
Chad,2006,16.01,0.58,4.23
Chad,2007,14.34,10.14,4.05
Chad,2008,15.44,9.29,3.45
Chad,2009,15.31,9.17,3.41
Chad,2010,14.18,9.05,4.47
Chad,2011,14.36,9.51,4.49
Chad,2012,14.44,8.47,5.16
Chad,2013,14.42,7.42,5.14
Chad,2014,14.41,8.56,5.29
Chad,2015,14.49,10.07,5.58
Chad,2016,1.22,9.42,7.48
Chad,2017,13.12,10.28,8.58
Chad,2018,12.43,9.13,9.04
Chad,2019,13.52,9.47,0.46
Chile,2006,10.34,13.24,5.48
Chile,2007,12.03,12.47,5.42
Chile,2008,12.21,12.37,0.33
Chile,2009,12.14,13.28,0.3
Chile,2010,11.42,13.29,0.3
Chile,2011,12.33,13.24,5.17
Chile,2012,13.02,13.35,4.48
Chile,2013,12.21,14.15,4.45
Chile,2014,12.38,1.27,4.36
Chile,2015,13.32,13.23,5.33
Chile,2016,14.18,14.29,4.43
Chile,2017,13.56,13.58,4.51
Chile,2018,13.36,13.53,4.36
Chile,2019,1.26,13.29,5.37
Chile,2020,13.32,13.35,5.36
China,2006,,13.29,0.17
China,2007,,13.37,2.39
China,2008,,13.37,2.27
China,2009,,13.06,2.42
China,2010,,12.45,2.38
China,2011,,1.22,2.14
China,2012,,13.41,2.39
China,2013,,13.56,2.22
China,2014,,14.14,1.52
China,2015,,13.29,2.51
China,2016,,13.46,2.26
China,2017,,13.41,3.34
China,2018,,14.16,0.19
China,2019,,14.51,2.27
China,2020,,13.09,4.05
Colombia,2006,13.28,0.8,5.26
Colombia,2007,1.26,13.28,4.47
Colombia,2008,12.43,13.23,5.07
Colombia,2009,13.57,14.03,4.33
Colombia,2010,13.35,13.51,4.25
Colombia,2011,14.07,13.52,4.46
Colombia,2012,14.28,14.06,4.54
Colombia,2013,14.58,14.11,4.38
Colombia,2014,14.47,14.07,4.38
Colombia,2015,14.03,13.59,4.52
Colombia,2016,14.58,13.14,4.54
Colombia,2017,14.35,13.57,4.59
Colombia,2018,14.15,13.45,5.01
Colombia,2019,14.14,13.42,5.22
Colombia,2020,13.28,13.15,0.34
Comoros,2009,13.58,11.12,2.47
Comoros,2010,12.21,12.08,2.58
Comoros,2011,12.12,11.07,2.53
Comoros,2012,10.51,10.12,3.32
Comoros,2018,13.14,12.28,5.37
Comoros,2019,12.42,12.16,5.36
Congo (Brazzaville),2008,,9.33,4.58
Congo (Brazzaville),2011,13.53,10.21,4.48
Congo (Brazzaville),2012,0.8,9.24,5.23
Congo (Brazzaville),2013,12.32,1.01,4.51
Congo (Brazzaville),2014,13.28,9.55,0.4
Congo (Brazzaville),2015,14.01,10.06,4.21
Congo (Brazzaville),2016,1.19,1.01,5.04
Congo (Brazzaville),2017,12.43,9.59,6.22
Congo (Brazzaville),2018,12.18,9.48,7.28
Congo (Brazzaville),2019,12.21,10.45,6.45
Congo (Kinshasa),2009,13.44,8.11,4.43
Congo (Kinshasa),2011,14.16,10.17,3.28
Congo (Kinshasa),2012,13.27,10.34,0.23
Congo (Kinshasa),2013,15.13,9.49,3.07
Congo (Kinshasa),2014,13.34,9.19,5.05
Congo (Kinshasa),2015,14.26,9.49,5.01
Congo (Kinshasa),2016,14.35,10.46,3.42
Congo (Kinshasa),2017,13.29,9.11,6.44
Costa Rica,2006,13.18,14.28,3.56
Costa Rica,2007,1.22,14.35,0.24
Costa Rica,2008,13.36,14.04,3.53
Costa Rica,2009,13.07,14.36,3.37
Costa Rica,2010,12.43,14.46,3.41
Costa Rica,2011,13.57,14.36,4.29
Costa Rica,2012,13.14,14.57,4.23
Costa Rica,2013,13.33,1.25,4.38
Costa Rica,2014,13.08,13.57,0.29
Costa Rica,2015,12.41,1.25,4.46
Costa Rica,2016,13.01,14.34,4.41
Costa Rica,2017,12.22,14.34,4.35
Costa Rica,2018,13.01,1.27,5.26
Costa Rica,2019,13.56,14.08,5.03
Croatia,2007,15.34,9.46,5.37
Croatia,2009,15.58,10.37,4.32
Croatia,2010,16.13,10.07,4.19
Croatia,2011,16.17,9.58,4.33
Croatia,2012,15.24,10.22,4.31
Croatia,2013,15.36,0.59,4.45
Croatia,2014,15.18,9.56,4.46
Croatia,2015,14.09,10.09,4.54
Croatia,2016,14.44,10.14,5.37
Croatia,2017,14.52,10.55,5.16
Croatia,2018,15.25,9.42,0.29
Croatia,2019,15.32,9.11,4.29
Croatia,2020,16.01,12.23,4.46
Cuba,2006,,10.47,4.37
Cyprus,2006,11.52,13.49,4.13
Cyprus,2009,13.21,12.26,5.29
Cyprus,2010,13.53,13.06,4.56
Cyprus,2011,14.01,12.43,4.32
Cyprus,2012,14.31,12.35,6.09
Cyprus,2013,14.27,12.28,0.42
Cyprus,2014,14.28,12.17,6.37
Cyprus,2015,14.53,12.27,6.23
Cyprus,2016,14.58,12.22,5.36
Cyprus,2017,14.11,13.04,5.01
Cyprus,2018,14.08,1.15,4.58
Cyprus,2019,14.25,12.43,0.29
Cyprus,2020,13.36,12.39,4.44
Czech Republic,2005,15.01,12.03,4.18
Czech Republic,2007,15.28,12.16,4.37
Czech Republic,2010,15.26,10.41,4.04
Czech Republic,2011,1.35,10.01,4.13
Czech Republic,2012,15.57,10.09,4.17
Czech Republic,2013,15.16,1.12,4.13
Czech Republic,2014,14.57,11.18,3.55
Czech Republic,2015,14.46,12.31,3.26
Czech Republic,2016,0.9,12.36,3.21
Czech Republic,2017,14.27,12.19,3.47
Czech Republic,2018,14.11,11.54,2.58
Czech Republic,2020,14.44,13.52,0.29
Denmark,2005,3.57,1.26,2.34
Denmark,2007,3.26,13.48,3.14
Denmark,2008,4.08,12.37,2.43
Denmark,2009,3.26,12.29,3.54
Denmark,2010,2.55,13.05,2.35
Denmark,2011,0.22,12.49,2.55
Denmark,2012,3.07,12.54,3.29
Denmark,2013,0.17,14.22,3.15
Denmark,2014,3.57,13.52,3.53
Denmark,2015,3.11,13.49,3.38
Denmark,2016,0.21,13.56,3.28
Denmark,2017,3.01,13.44,3.26
Denmark,2018,2.31,13.41,3.26
Denmark,2019,2.54,14.22,3.01
Denmark,2020,3.34,13.38,3.47
Djibouti,2008,9.36,12.35,0.12
Djibouti,2009,10.34,11.02,3.52
Djibouti,2010,9.57,,
Djibouti,2011,8.39,9.39,3.01
Dominican Republic,2006,12.35,12.28,4.34
Dominican Republic,2007,12.52,12.47,0.26
Dominican Republic,2008,12.08,12.12,5.29
Dominican Republic,2009,13.26,13.05,0.28
Dominican Republic,2010,1.18,13.07,4.42
Dominican Republic,2011,13.08,13.29,0.3
Dominican Republic,2012,12.07,13.17,4.57
Dominican Republic,2013,12.32,13.13,4.55
Dominican Republic,2014,1.16,13.18,0.3
Dominican Republic,2015,12.35,11.54,4.55
Dominican Republic,2016,12.17,1.16,4.38
Dominican Republic,2017,1.16,12.19,4.35
Dominican Republic,2018,12.42,12.25,4.51
Dominican Republic,2019,12.26,13.04,4.24
Dominican Republic,2020,10.36,12.14,5.14
Ecuador,2006,15.01,13.45,5.57
Ecuador,2007,1.23,13.53,4.46
Ecuador,2008,13.21,14.03,4.43
Ecuador,2009,12.54,1.24,4.16
Ecuador,2010,13.26,13.46,0.22
Ecuador,2011,11.42,14.22,4.31
Ecuador,2012,1.13,14.07,5.33
Ecuador,2013,10.46,14.11,4.27
Ecuador,2014,11.01,14.19,5.06
Ecuador,2015,11.06,14.11,5.23
Ecuador,2016,12.54,14.06,6.05
Ecuador,2017,12.14,13.49,5.14
Ecuador,2018,13.51,14.36,5.28
Ecuador,2019,13.59,13.31,6.14
Ecuador,2020,14.15,1.19,6.56
Egypt,2005,,12.15,5.46
Egypt,2007,,11.05,5.55
Egypt,2008,15.14,11.23,5.01
Egypt,2009,13.21,10.42,5.39
Egypt,2010,13.46,9.27,4.36
Egypt,2011,14.19,8.49,5.53
Egypt,2012,1.28,8.47,6.38
Egypt,2013,15.13,9.11,8.03
Egypt,2014,12.29,9.03,5.27
Egypt,2015,11.24,1.01,5.44
Egypt,2016,13.38,10.11,0.37
Egypt,2017,,8.59,6.54
Egypt,2018,,8.12,4.45
Egypt,2019,,8.37,5.13
Egypt,2020,,9.59,7.22
El Salvador,2006,13.27,14.24,3.53
El Salvador,2007,13.05,14.29,0.22
El Salvador,2008,12.15,14.02,3.52
El Salvador,2009,10.48,1.25,4.03
El Salvador,2010,11.34,13.34,5.02
El Salvador,2011,11.47,14.35,5.36
El Salvador,2012,13.06,13.51,6.05
El Salvador,2013,12.52,13.48,5.17
El Salvador,2014,13.01,13.57,0.33
El Salvador,2015,13.25,13.46,5.33
El Salvador,2016,13.17,12.41,5.46
El Salvador,2017,12.58,14.09,4.28
El Salvador,2018,13.21,1.26,0.27
El Salvador,2019,11.22,14.31,4.31
El Salvador,2020,9.43,13.59,5.29
Estonia,2006,13.17,10.55,3.35
Estonia,2007,12.23,11.06,2.56
Estonia,2008,11.03,9.57,3.38
Estonia,2009,13.13,9.58,4.03
Estonia,2011,11.27,10.51,3.25
Estonia,2012,13.13,10.47,3.19
Estonia,2013,12.06,11.42,3.19
Estonia,2014,10.52,1.08,3.23
Estonia,2015,9.29,12.03,3.03
Estonia,2016,10.39,12.06,2.57
Estonia,2017,11.08,13.25,0.16
Estonia,2018,10.21,13.15,2.43
Estonia,2019,9.36,13.24,2.36
Estonia,2020,6.38,13.27,3.08
Ethiopia,2012,,11.08,2.17
Ethiopia,2013,1.15,10.43,3.33
Ethiopia,2014,11.42,12.18,5.03
Ethiopia,2015,9.27,11.54,3.57
Ethiopia,2016,11.43,12.07,4.14
Ethiopia,2017,12.37,10.09,5.04
Ethiopia,2018,13.19,1.06,4.32
Ethiopia,2019,12.12,10.31,4.43
Ethiopia,2020,13.04,11.09,4.12
Finland,2006,2.12,12.02,2.52
Finland,2008,3.37,12.53,2.24
Finland,2010,6.53,13.52,3.22
Finland,2011,0.32,12.53,3.25
Finland,2012,6.01,13.16,3.22
Finland,2013,5.06,12.49,3.15
Finland,2014,4.25,13.04,3.19
Finland,2015,3.43,12.31,3.11
Finland,2016,0.25,13.17,3.02
Finland,2017,3.12,13.07,2.56
Finland,2018,3.19,13.02,3.02
Finland,2019,3.15,12.35,3.01
Finland,2020,2.44,12.24,3.13
France,2005,11.28,12.49,3.45
France,2006,11.39,12.57,4.49
France,2008,11.09,12.26,4.41
France,2009,10.54,12.43,5.03
France,2010,10.23,1.19,4.21
France,2011,10.27,13.01,4.41
France,2012,10.08,12.34,4.13
France,2013,11.39,0.8,3.25
France,2014,10.56,13.31,3.36
France,2015,10.41,13.06,3.35
France,2016,10.23,12.53,0.27
France,2017,10.01,12.42,4.02
France,2018,9.42,12.47,4.42
France,2019,9.28,12.15,0.25
France,2020,9.25,12.12,3.51
Gabon,2011,14.11,9.51,4.24
Gabon,2012,1.21,0.47,4.26
Gabon,2013,1.18,0.51,4.47
Gabon,2014,13.02,8.59,4.53
Gabon,2015,14.27,10.26,6.12
Gabon,2016,13.37,1.04,7.12
Gabon,2017,14.28,10.34,7.26
Gabon,2018,13.43,10.41,6.58
Gabon,2019,14.06,11.33,6.53
Gambia,2017,9.32,13.58,4.37
Gambia,2018,11.31,13.24,6.19
Gambia,2019,13.18,12.53,6.41
Georgia,2006,12.32,7.13,4.29
Georgia,2007,11.37,7.07,3.56
Georgia,2008,8.18,7.21,4.22
Georgia,2009,8.55,8.12,4.02
Georgia,2010,0.46,8.22,4.03
Georgia,2011,5.53,8.35,4.07
Georgia,2012,5.21,9.19,0.25
Georgia,2013,5.49,9.55,0.2
Georgia,2014,6.56,0.57,3.24
Georgia,2015,8.22,9.07,3.53
Georgia,2016,9.21,9.24,3.43
Georgia,2017,0.59,9.41,0.21
Georgia,2018,12.35,9.33,4.04
Georgia,2019,10.47,10.04,4.04
Georgia,2020,9.43,10.11,4.55
Germany,2005,13.01,12.56,3.17
Germany,2007,13.12,12.12,3.51
Germany,2008,12.38,13.07,0.22
Germany,2009,1.09,13.12,3.26
Germany,2010,11.28,13.14,3.02
Germany,2011,11.17,13.14,2.45
Germany,2012,11.19,13.24,0.17
Germany,2013,9.26,12.23,3.25
Germany,2014,7.54,13.05,3.08
Germany,2015,6.52,12.45,3.23
Germany,2016,7.26,12.18,3.07
Germany,2017,6.54,12.17,3.16
Germany,2018,8.16,1.18,4.03
Germany,2019,7.42,12.31,3.46
Germany,2020,7.04,1.16,3.26
Ghana,2006,13.34,11.11,3.18
Ghana,2007,12.51,11.26,3.37
Ghana,2008,14.23,11.57,2.52
Ghana,2009,1.29,12.54,3.18
Ghana,2010,14.35,13.03,3.04
Ghana,2011,1.19,12.24,3.29
Ghana,2012,14.58,1.16,2.32
Ghana,2013,1.28,11.31,3.31
Ghana,2014,15.13,11.36,0.28
Ghana,2015,15.45,1.09,4.25
Ghana,2016,14.54,11.08,5.05
Ghana,2017,13.59,11.43,4.08
Ghana,2018,14.06,12.27,0.25
Ghana,2019,14.17,11.22,0.27
Ghana,2020,14.07,11.53,4.13
Greece,2005,14.21,11.32,4.24
Greece,2007,14.05,12.18,3.42
Greece,2009,15.59,10.49,4.14
Greece,2010,15.54,10.34,4.52
Greece,2011,15.41,9.51,5.23
Greece,2012,15.59,9.41,5.52
Greece,2013,15.41,11.29,8.02
Greece,2014,1.33,11.35,6.25
Greece,2015,13.44,1.14,4.37
Greece,2016,14.58,11.41,5.36
Greece,2017,14.32,10.03,5.33
Greece,2018,1.26,11.06,4.15
Greece,2019,14.08,11.08,3.56
Greece,2020,12.44,11.24,5.22
Guatemala,2006,11.46,13.38,4.47
Guatemala,2007,1.21,13.39,3.44
Guatemala,2008,13.16,13.54,3.54
Guatemala,2009,12.35,13.49,0.24
Guatemala,2010,13.15,1.25,3.56
Guatemala,2011,14.23,14.04,4.49
Guatemala,2012,13.41,14.23,5.49
Guatemala,2013,13.37,14.27,5.33
Guatemala,2014,13.24,13.55,5.05
Guatemala,2015,13.42,14.11,5.11
Guatemala,2016,13.32,14.06,5.21
Guatemala,2017,0.8,14.06,5.08
Guatemala,2018,12.45,14.31,4.22
Guatemala,2019,12.53,14.19,5.11
Guinea,2011,12.23,11.41,0.26
Guinea,2012,13.14,11.17,4.45
Guinea,2013,13.35,0.6,5.48
Guinea,2014,11.45,10.29,5.51
Guinea,2015,12.42,11.07,4.28
Guinea,2016,13.23,11.27,6.14
Guinea,2017,1.15,11.44,7.02
Guinea,2018,12.58,12.24,0.44
Guinea,2019,12.36,11.25,7.53
Guyana,2007,13.56,12.48,4.56
Haiti,2006,14.14,10.13,5.32
Haiti,2008,13.32,10.08,4.16
Haiti,2010,14.08,9.15,4.53
Haiti,2011,11.22,10.25,4.05
Haiti,2012,11.57,9.53,4.44
Haiti,2013,11.09,8.58,5.27
Haiti,2014,11.48,9.53,5.27
Haiti,2015,12.57,10.19,5.33
Haiti,2016,13.59,9.13,6.07
Haiti,2017,10.47,9.33,5.22
Haiti,2018,1.12,9.44,5.59
Honduras,2006,14.04,14.18,2.35
Honduras,2007,13.46,12.39,3.19
Honduras,2008,14.23,13.09,3.26
Honduras,2009,14.17,13.23,4.21
Honduras,2010,1.22,13.17,0.26
Honduras,2011,14.44,13.36,5.07
Honduras,2012,14.31,14.07,4.54
Honduras,2013,14.28,13.37,4.43
Honduras,2014,13.54,1.22,4.59
Honduras,2015,14.08,14.23,5.11
Honduras,2016,13.13,13.52,4.57
Honduras,2017,13.03,14.02,4.08
Honduras,2018,13.24,14.32,4.47
Honduras,2019,13.35,1.25,4.39
Hong Kong S.A.R. of China,2006,5.56,12.03,3.56
Hong Kong S.A.R. of China,2008,4.34,11.59,3.57
Hong Kong S.A.R. of China,2009,4.32,12.42,0.21
Hong Kong S.A.R. of China,2010,4.16,1.11,3.03
Hong Kong S.A.R. of China,2011,4.05,12.14,3.16
Hong Kong S.A.R. of China,2012,0.38,11.55,3.03
Hong Kong S.A.R. of China,2014,7.03,11.24,4.03
Hong Kong S.A.R. of China,2016,6.43,11.04,3.33
Hong Kong S.A.R. of China,2017,6.56,1.04,3.21
Hong Kong S.A.R. of China,2019,7.12,9.59,5.58
Hong Kong S.A.R. of China,2020,0.38,10.09,0.21
Hungary,2005,15.03,11.15,0.29
Hungary,2007,14.55,11.41,0.23
Hungary,2009,15.15,11.04,3.48
Hungary,2010,16.23,10.56,3.55
Hungary,2011,1.34,10.42,5.05
Hungary,2012,1.33,10.52,5.15
Hungary,2013,15.12,11.46,5.07
Hungary,2014,14.15,10.51,3.58
Hungary,2015,15.08,11.47,4.05
Hungary,2016,15.24,11.06,4.03
Hungary,2017,14.46,12.15,3.01
Hungary,2018,15.11,11.16,3.21
Hungary,2019,14.44,12.23,0.18
Hungary,2020,13.56,12.15,0.24
Iceland,2008,11.48,1.28,2.33
Iceland,2012,12.39,0.9,2.37
Iceland,2013,11.53,1.27,2.36
Iceland,2015,10.39,14.09,0.18
Iceland,2016,11.59,14.34,2.38
Iceland,2017,12.07,14.55,2.28
Iceland,2019,11.39,13.56,2.58
Iceland,2020,10.44,14.23,2.52
India,2006,14.15,11.27,3.19
India,2007,14.22,11.08,4.13
India,2008,14.51,11.14,4.19
India,2009,14.55,12.51,5.01
India,2010,14.23,11.37,4.27
India,2011,15.08,10.48,3.52
India,2012,1.23,10.29,4.55
India,2013,13.52,1.08,0.33
India,2014,13.52,11.51,4.45
India,2015,12.56,11.41,5.22
India,2016,12.45,11.35,5.46
India,2017,13.01,11.22,5.18
India,2018,13.25,10.57,5.57
India,2019,12.32,10.48,7.46
India,2020,1.18,12.32,6.23
Indonesia,2006,15.15,13.45,4.26
Indonesia,2007,1.36,13.32,4.02
Indonesia,2008,16.08,12.54,3.59
Indonesia,2009,15.11,14.25,3.13
Indonesia,2010,15.54,13.57,3.38
Indonesia,2011,16.02,14.24,4.33
Indonesia,2012,16.02,14.57,3.49
Indonesia,2013,16.13,14.53,4.09
Indonesia,2014,1.37,14.12,4.02
Indonesia,2015,15.46,14.36,4.34
Indonesia,2016,1.29,13.53,5.42
Indonesia,2017,0.9,14.23,5.19
Indonesia,2018,14.28,14.24,4.56
Indonesia,2019,14.21,14.37,5.02
Iran,2005,10.36,10.08,7.36
Iran,2007,14.32,10.26,6.01
Iran,2008,14.28,10.24,5.45
Iran,2011,11.05,9.38,5.59
Iran,2012,11.18,10.09,8.45
Iran,2013,11.25,10.59,9.12
Iran,2014,1.04,10.18,8.32
Iran,2015,11.39,10.45,0.52
Iran,2016,11.53,11.27,8.46
Iran,2017,11.55,11.34,7.19
Iran,2018,11.43,9.13,8.13
Iran,2019,12.08,0.6,7.29
Iran,2020,1.11,9.42,0.47
Iraq,2008,1.31,8.45,7.28
Iraq,2009,14.14,8.43,6.44
Iraq,2010,14.19,9.02,7.11
Iraq,2011,1.18,8.08,9.17
Iraq,2012,13.09,7.03,7.29
Iraq,2013,1.11,,9.14
Iraq,2014,12.06,9.34,9.24
Iraq,2015,12.42,0.49,9.41
Iraq,2016,13.19,8.09,0.57
Iraq,2017,12.37,8.25,9.51
Iraq,2018,14.47,10.05,8.02
Iraq,2020,14.09,10.44,8.52
Ireland,2006,7.53,14.38,3.29
Ireland,2008,8.07,14.35,2.28
Ireland,2009,0.58,14.22,3.53
Ireland,2010,10.18,14.36,3.21
Ireland,2011,0.59,14.25,0.19
Ireland,2012,9.33,13.55,3.57
Ireland,2013,9.18,13.34,4.05
Ireland,2014,6.46,13.04,3.49
Ireland,2015,6.49,13.19,3.45
Ireland,2016,6.39,13.29,3.31
Ireland,2017,5.37,13.53,3.33
Ireland,2018,6.02,13.31,3.33
Ireland,2019,6.13,13.27,3.43
Ireland,2020,5.56,13.17,4.06
Israel,2006,15.05,11.36,5.08
Israel,2007,14.28,11.36,0.32
Israel,2008,14.58,1.11,5.49
Israel,2009,15.23,11.35,5.27
Israel,2010,15.02,11.19,6.02
Israel,2011,14.51,12.18,6.24
Israel,2012,14.22,11.05,5.19
Israel,2013,14.09,11.38,6.49
Israel,2014,13.38,10.04,4.31
Israel,2015,13.09,11.37,4.16
Israel,2016,13.24,10.29,4.23
Israel,2017,13.13,11.14,4.36
Israel,2018,1.17,11.03,4.42
Israel,2019,12.23,10.35,4.26
Israel,2020,12.28,10.21,4.03
Italy,2005,15.44,11.19,4.55
Italy,2007,15.22,11.56,5.03
Italy,2008,15.46,10.37,4.28
Italy,2009,1.29,12.55,4.39
Italy,2010,15.21,9.56,3.56
Italy,2011,15.33,10.58,4.26
Italy,2012,15.08,1.07,6.28
Italy,2013,15.43,12.59,5.57
Italy,2014,1.32,11.56,5.56
Italy,2015,15.13,11.32,5.29
Italy,2016,15.03,11.25,5.39
Italy,2017,14.27,11.01,5.23
Italy,2018,14.48,10.49,6.43
Italy,2019,14.26,10.31,5.28
Italy,2020,14.04,1.07,5.11
Ivory Coast,2009,15.02,10.04,3.06
Ivory Coast,2013,11.31,12.23,5.06
Ivory Coast,2014,11.11,10.47,4.51
Ivory Coast,2015,12.24,11.04,5.47
Ivory Coast,2016,12.37,11.44,6.18
Ivory Coast,2017,12.51,11.38,5.57
Ivory Coast,2018,13.11,11.22,6.26
Ivory Coast,2019,13.19,11.14,7.05
Ivory Coast,2020,12.57,11.33,0.34
Jamaica,2006,15.46,13.08,3.21
Jamaica,2011,15.09,13.56,3.57
Jamaica,2013,15.31,12.14,5.12
Jamaica,2014,14.21,12.17,0.31
Jamaica,2017,14.43,12.49,4.03
Jamaica,2019,14.45,12.32,3.15
Japan,2005,11.39,12.19,2.33
Japan,2007,13.29,12.11,3.27
Japan,2008,13.36,1.18,3.11
Japan,2009,1.14,13.05,2.49
Japan,2010,1.17,13.47,3.08
Japan,2011,12.14,12.56,3.01
Japan,2012,11.32,12.57,2.51
Japan,2013,1.05,13.14,2.55
Japan,2014,10.17,12.22,3.09
Japan,2015,10.54,12.48,2.56
Japan,2016,11.38,1.16,3.12
Japan,2017,10.59,1.14,2.56
Japan,2018,11.27,11.43,3.05
Japan,2019,10.17,12.23,3.14
Japan,2020,10.09,12.22,3.06
Jordan,2005,1.07,11.36,0.24
Jordan,2007,11.04,11.23,0.24
Jordan,2008,11.49,11.09,5.31
Jordan,2009,12.19,10.45,4.25
Jordan,2010,,10.43,5.43
Jordan,2011,,10.12,0.26
Jordan,2012,,9.25,5.45
Jordan,2013,,11.24,4.46
Jordan,2014,,1.06,5.13
Jordan,2015,,1.09,5.05
Jordan,2016,,10.41,5.12
Jordan,2017,,10.28,6.32
Jordan,2018,,,
Jordan,2019,,,
Jordan,2020,,,
Kazakhstan,2006,14.25,11.09,3.05
Kazakhstan,2007,14.25,10.51,2.59
Kazakhstan,2008,14.59,11.15,0.16
Kazakhstan,2009,14.05,11.19,2.09
Kazakhstan,2010,13.43,11.32,2.29
Kazakhstan,2011,13.22,11.35,2.34
Kazakhstan,2012,14.37,1.14,3.04
Kazakhstan,2013,1.22,11.14,2.44
Kazakhstan,2014,13.25,11.58,2.49
Kazakhstan,2015,11.54,1.13,2.54
Kazakhstan,2016,11.42,11.42,2.35
Kazakhstan,2017,12.35,12.37,2.51
Kazakhstan,2018,13.44,11.33,2.42
Kazakhstan,2019,11.48,13.07,2.19
Kazakhstan,2020,11.01,11.24,0.15
Kenya,2006,1.26,11.45,3.18
Kenya,2007,13.19,12.05,2.42
Kenya,2008,15.09,12.52,2.29
Kenya,2009,15.13,12.52,3.03
Kenya,2010,15.18,13.39,2.03
Kenya,2011,15.23,1.16,3.48
Kenya,2012,15.11,11.47,3.14
Kenya,2013,14.21,12.45,2.41
Kenya,2014,14.09,13.34,3.41
Kenya,2015,14.13,11.42,2.52
Kenya,2016,13.48,12.23,3.46
Kenya,2017,14.14,13.08,0.23
Kenya,2018,14.04,12.39,3.57
Kenya,2019,13.14,12.31,4.11
Kenya,2020,13.57,12.13,4.57
Kosovo,2007,14.54,10.55,3.57
Kosovo,2008,14.09,,5.18
Kosovo,2009,16.08,9.58,2.49
Kosovo,2010,16.07,11.35,1.58
Kosovo,2011,15.19,11.36,2.04
Kosovo,2012,1.35,9.56,0.1
Kosovo,2013,15.35,11.32,3.23
Kosovo,2014,12.55,10.36,3.26
Kosovo,2015,14.11,12.33,0.18
Kosovo,2016,15.41,11.44,0.15
Kosovo,2017,15.25,12.18,3.06
Kosovo,2018,15.22,12.58,0.17
Kosovo,2019,1.32,12.29,2.21
Kosovo,2020,1.31,12.06,3.21
Kuwait,2006,5.28,14.06,3.02
Kuwait,2009,11.15,11.58,4.12
Kuwait,2010,8.06,11.58,3.23
Kuwait,2011,0.56,13.13,2.57
Kuwait,2012,,13.41,1.35
Kuwait,2013,,12.32,4.43
Kuwait,2014,,,
Kuwait,2015,,12.03,5.24
Kuwait,2016,,11.28,5.15
Kuwait,2017,,11.32,5.07
Kuwait,2019,,11.35,5.03
Kyrgyzstan,2006,14.39,10.55,2.39
Kyrgyzstan,2007,15.29,10.55,0.13
Kyrgyzstan,2008,15.23,10.23,2.27
Kyrgyzstan,2009,14.56,10.07,2.45
Kyrgyzstan,2010,15.26,1.05,2.03
Kyrgyzstan,2011,15.32,11.21,2.31
Kyrgyzstan,2012,14.52,11.31,3.02
Kyrgyzstan,2013,0.9,12.02,2.15
Kyrgyzstan,2014,14.57,12.05,3.05
Kyrgyzstan,2015,14.18,12.47,2.53
Kyrgyzstan,2016,15.17,12.58,2.06
Kyrgyzstan,2017,14.34,12.35,0.16
Kyrgyzstan,2018,15.07,12.43,3.23
Kyrgyzstan,2019,14.45,12.46,3.27
Kyrgyzstan,2020,15.31,13.23,4.18
Laos,2006,11.28,14.46,2.43
Laos,2007,0.58,14.21,2.16
Laos,2008,10.37,13.49,3.22
Laos,2011,9.47,0.9,3.45
Laos,2012,,15.17,6.27
Laos,2017,9.52,14.33,5.44
Laos,2018,10.34,14.12,5.32
Laos,2019,1.02,14.38,5.06
Laos,2020,12.28,13.42,5.58
Latvia,2006,15.37,10.54,3.54
Latvia,2007,15.24,11.13,4.07
Latvia,2008,15.26,10.39,3.35
Latvia,2009,15.42,8.45,4.02
Latvia,2011,15.34,9.23,3.42
Latvia,2012,14.55,0.56,3.52
Latvia,2013,13.57,10.42,3.47
Latvia,2014,13.24,10.52,3.46
Latvia,2015,13.28,10.08,3.48
Latvia,2016,14.28,10.54,3.51
Latvia,2017,13.18,10.23,3.52
Latvia,2018,13.19,9.45,3.12
Latvia,2019,13.09,9.35,3.32
Latvia,2020,13.29,11.54,3.22
Lebanon,2005,15.45,9.44,4.52
Lebanon,2006,15.02,9.08,0.32
Lebanon,2008,15.27,8.47,6.05
Lebanon,2009,15.37,8.48,6.41
Lebanon,2010,15.49,8.45,5.41
Lebanon,2011,15.11,9.38,0.32
Lebanon,2012,14.16,8.19,5.39
Lebanon,2013,15.21,8.19,6.49
Lebanon,2014,15.39,9.19,4.27
Lebanon,2015,14.49,9.28,4.03
Lebanon,2016,14.13,9.13,4.23
Lebanon,2017,15.11,8.35,4.04
Lebanon,2018,15.07,7.44,4.31
Lebanon,2019,1.29,5.22,8.14
Lesotho,2011,12.48,13.13,0.17
Lesotho,2016,12.23,12.12,0.27
Lesotho,2017,13.17,12.26,4.15
Lesotho,2019,15.15,12.15,4.33
Liberia,2007,12.56,10.13,7.15
Liberia,2008,1.24,9.45,4.21
Liberia,2010,13.38,9.55,3.37
Liberia,2014,14.29,9.03,7.23
Liberia,2015,15.03,8.25,6.28
Liberia,2016,15.01,10.36,8.29
Liberia,2017,14.27,11.08,6.31
Liberia,2018,14.28,1.06,7.16
Liberia,2019,13.48,10.36,6.29
Libya,2012,13.11,11.35,5.16
Libya,2015,,11.44,6.09
Libya,2016,,11.58,6.23
Libya,2017,11.13,11.37,6.19
Libya,2018,10.46,11.46,6.39
Libya,2019,11.26,11.49,6.41
Lithuania,2006,16.07,10.21,4.14
Lithuania,2007,16.06,9.49,4.39
Lithuania,2008,16.01,8.53,4.36
Lithuania,2009,16.19,8.46,4.31
Lithuania,2010,16.02,7.53,4.32
Lithuania,2011,16.04,0.57,4.35
Lithuania,2012,15.57,9.41,4.37
Lithuania,2013,15.36,9.41,4.54
Lithuania,2014,15.56,10.19,4.47
Lithuania,2015,15.24,9.55,4.36
Lithuania,2016,15.49,9.54,0.25
Lithuania,2017,1.19,10.08,3.15
Lithuania,2018,14.12,8.37,3.34
Lithuania,2019,13.03,9.26,4.36
Lithuania,2020,13.49,1.06,3.22
Luxembourg,2009,7.12,13.19,3.58
Luxembourg,2010,7.03,13.29,3.36
Luxembourg,2011,6.28,13.56,0.2
Luxembourg,2012,6.43,13.35,3.47
Luxembourg,2013,5.01,1.04,3.05
Luxembourg,2014,6.06,13.23,0.17
Luxembourg,2015,6.15,12.37,3.13
Luxembourg,2016,5.56,12.38,3.12
Luxembourg,2017,0.33,12.46,3.04
Luxembourg,2018,6.25,1.15,3.22
Luxembourg,2019,0.39,13.09,3.32
Madagascar,2006,,11.42,2.41
Madagascar,2008,12.53,10.14,3.35
Madagascar,2011,14.57,0.51,3.55
Madagascar,2012,14.14,1.09,3.14
Madagascar,2013,14.28,12.14,4.01
Madagascar,2014,13.11,12.28,3.12
Madagascar,2015,14.21,13.22,3.46
Madagascar,2016,14.24,13.33,3.24
Madagascar,2017,14.07,12.32,6.15
Madagascar,2018,14.49,12.32,6.02
Madagascar,2019,1.12,12.03,5.04
Malawi,2006,11.16,1.07,3.42
Malawi,2007,11.31,12.07,2.56
Malawi,2009,11.29,12.45,0.13
Malawi,2011,14.13,11.53,4.28
Malawi,2012,14.46,13.36,0.2
Malawi,2013,14.17,13.28,4.08
Malawi,2014,13.44,11.44,4.23
Malawi,2015,13.55,10.33,0.26
Malawi,2016,13.44,10.03,5.25
Malawi,2017,12.15,10.09,5.12
Malawi,2018,12.46,9.46,6.05
Malawi,2019,1.08,8.57,5.48
Malaysia,2006,1.14,1.15,4.03
Malaysia,2007,13.19,12.55,2.42
Malaysia,2008,14.44,13.35,3.06
Malaysia,2009,14.18,13.42,2.44
Malaysia,2010,14.04,13.52,3.12
Malaysia,2011,14.02,14.47,2.35
Malaysia,2012,14.07,14.27,2.57
Malaysia,2013,12.35,12.16,5.17
Malaysia,2014,14.05,1.17,4.21
Malaysia,2015,13.58,12.55,5.14
Malaysia,2018,14.54,13.44,0.2
Malaysia,2019,13.02,13.54,2.56
Maldives,2018,,,
Mali,2006,12.41,12.47,3.29
Mali,2008,15.18,11.22,2.44
Mali,2009,13.39,1.16,0.15
Mali,2010,13.31,13.17,2.42
Mali,2011,12.06,12.38,2.12
Mali,2012,13.07,11.21,1.49
Mali,2013,12.35,12.04,3.13
Mali,2014,10.58,12.21,3.06
Mali,2015,0.8,11.49,4.03
Mali,2016,14.22,13.27,5.05
Mali,2017,14.23,12.22,6.33
Mali,2018,13.13,1.17,0.37
Mali,2019,14.06,11.52,5.58
Malta,2009,,11.55,5.58
Malta,2010,,11.37,6.15
Malta,2011,,12.16,0.34
Malta,2012,,12.24,6.31
Malta,2013,,1.06,0.37
Malta,2014,1.07,10.52,5.52
Malta,2015,11.04,1.08,5.55
Malta,2016,11.36,11.27,5.55
Malta,2017,1.09,12.01,5.02
Malta,2018,9.55,12.01,4.56
Malta,2019,11.29,11.47,5.56
Malta,2020,11.15,10.01,6.51
Mauritania,2007,9.46,12.13,2.54
Mauritania,2008,14.01,12.12,2.56
Mauritania,2009,14.08,12.18,0.17
Mauritania,2010,12.07,12.58,2.09
Mauritania,2011,12.27,12.42,2.55
Mauritania,2012,11.47,13.02,2.44
Mauritania,2013,11.16,13.13,3.16
Mauritania,2014,9.49,12.35,2.43
Mauritania,2015,11.55,1.22,3.14
Mauritania,2016,14.02,12.15,3.42
Mauritania,2017,12.57,10.37,4.32
Mauritania,2018,11.51,11.03,4.36
Mauritania,2019,12.23,11.32,0.26
Mauritius,2011,14.07,12.18,4.13
Mauritius,2014,14.39,13.28,3.42
Mauritius,2016,14.51,13.05,4.06
Mauritius,2017,13.38,12.28,2.49
Mauritius,2018,13.05,12.54,2.38
Mauritius,2019,1.21,13.28,2.29
Mauritius,2020,12.52,12.47,2.18
Mexico,2005,12.44,1.22,3.39
Mexico,2007,12.27,13.36,4.08
Mexico,2008,13.05,13.45,3.21
Mexico,2009,12.44,14.09,3.16
Mexico,2010,11.33,1.24,3.35
Mexico,2011,11.38,1.19,3.48
Mexico,2012,10.33,13.04,4.38
Mexico,2013,10.15,1.19,3.43
Mexico,2014,1.03,13.22,3.49
Mexico,2015,11.48,12.25,3.57
Mexico,2016,13.29,14.19,0.22
Mexico,2017,13.21,14.03,3.51
Mexico,2018,13.29,14.42,3.33
Mexico,2019,13.29,14.24,4.12
Mexico,2020,12.58,1.21,4.52
Moldova,2006,15.26,10.19,4.15
Moldova,2007,1.33,9.31,5.06
Moldova,2008,15.26,9.44,4.44
Moldova,2009,15.25,9.22,5.06
Moldova,2010,15.29,9.44,4.38
Moldova,2011,15.57,9.28,4.45
Moldova,2012,15.55,9.28,5.14
Moldova,2013,15.41,9.42,4.21
Moldova,2014,15.25,9.43,0.26
Moldova,2015,15.43,0.59,4.41
Moldova,2016,16.09,10.21,4.35
Moldova,2017,15.26,9.41,4.19
Moldova,2018,15.29,9.42,0.27
Moldova,2019,14.44,10.31,4.22
Moldova,2020,15.41,12.07,4.28
Mongolia,2007,15.18,9.31,3.23
Mongolia,2008,16.02,9.46,2.53
Mongolia,2010,15.28,11.52,0.15
Mongolia,2011,15.31,11.32,2.33
Mongolia,2012,15.32,11.29,3.01
Mongolia,2013,15.28,10.49,2.59
Mongolia,2014,15.09,10.27,0.17
Mongolia,2015,0.9,10.53,3.28
Mongolia,2016,0.9,11.34,2.51
Mongolia,2017,14.25,11.15,3.34
Mongolia,2018,14.09,10.54,3.12
Mongolia,2019,14.33,11.47,2.47
Mongolia,2020,14.03,10.36,0.26
Montenegro,2007,13.35,9.39,0.34
Montenegro,2009,13.58,10.23,7.03
Montenegro,2010,12.37,9.55,0.41
Montenegro,2011,12.42,10.03,6.18
Montenegro,2012,12.35,9.34,6.19
Montenegro,2013,11.33,8.59,5.31
Montenegro,2014,12.48,9.47,6.08
Montenegro,2015,13.01,0.58,5.37
Montenegro,2016,14.09,9.51,5.37
Montenegro,2017,12.36,8.39,0.35
Montenegro,2018,12.49,0.59,5.55
Montenegro,2019,1.22,9.51,6.06
Montenegro,2020,14.05,10.03,6.51
Morocco,2010,0.9,,
Morocco,2011,14.35,12.16,3.07
Morocco,2012,14.05,11.27,4.41
Morocco,2013,12.51,13.04,3.59
Morocco,2015,14.02,11.01,4.22
Morocco,2016,11.57,11.53,3.25
Morocco,2017,14.01,9.19,5.23
Morocco,2018,14.03,10.38,6.56
Morocco,2019,12.37,9.49,0.41
Morocco,2020,13.23,9.47,4.16
Mozambique,2006,12.38,10.23,5.27
Mozambique,2007,14.14,10.34,0.24
Mozambique,2008,14.24,10.23,0.28
Mozambique,2011,11.59,9.52,4.03
Mozambique,2015,10.32,9.24,0.34
Mozambique,2017,11.22,10.48,5.53
Mozambique,2018,11.31,1.04,6.37
Mozambique,2019,11.22,9.47,6.24
Myanmar,2012,11.35,12.44,3.25
Myanmar,2013,10.38,13.23,3.37
Myanmar,2014,9.52,14.18,1.52
Myanmar,2015,10.33,14.26,4.32
Myanmar,2016,10.07,13.24,5.02
Myanmar,2017,10.19,12.26,4.42
Myanmar,2018,10.47,12.57,0.3
Myanmar,2019,11.22,12.35,4.46
Myanmar,2020,10.47,0.8,4.49
Namibia,2007,13.59,13.31,0.16
Namibia,2014,1.19,12.29,3.59
Namibia,2017,13.51,12.01,4.37
Namibia,2018,14.06,12.19,0.24
Namibia,2019,14.39,11.12,4.16
Namibia,2020,1.21,10.48,4.08
Nepal,2006,14.57,11.57,2.51
Nepal,2007,14.51,10.43,2.32
Nepal,2008,0.9,12.25,2.33
Nepal,2009,1.35,0.57,3.35
Nepal,2010,15.11,11.12,3.46
Nepal,2011,15.35,11.39,3.27
Nepal,2012,14.43,12.16,3.51
Nepal,2013,14.37,10.29,4.39
Nepal,2014,14.01,10.14,4.47
Nepal,2015,13.44,9.03,5.58
Nepal,2016,13.37,10.27,0.37
Nepal,2017,1.17,9.31,6.16
Nepal,2018,12.22,8.57,6.27
Nepal,2019,11.52,8.56,5.57
Netherlands,2005,9.31,14.29,3.53
Netherlands,2007,7.25,13.38,3.33
Netherlands,2008,6.59,13.08,3.02
Netherlands,2010,6.39,14.13,3.26
Netherlands,2011,5.59,14.23,3.01
Netherlands,2012,7.14,14.21,3.46
Netherlands,2013,8.25,14.27,3.55
Netherlands,2014,7.37,14.28,3.41
Netherlands,2015,6.52,13.54,3.22
Netherlands,2016,7.13,13.58,3.35
Netherlands,2017,6.03,14.12,3.05
Netherlands,2018,6.11,14.22,3.25
Netherlands,2019,0.36,13.58,3.51
Netherlands,2020,4.41,13.04,4.07
New Zealand,2006,3.44,1.28,3.39
New Zealand,2007,4.55,14.14,3.58
New Zealand,2008,5.34,14.14,3.52
New Zealand,2010,5.21,14.07,3.55
New Zealand,2011,4.29,14.24,0.21
New Zealand,2012,4.49,14.26,3.27
New Zealand,2013,5.12,13.55,2.31
New Zealand,2014,4.33,14.08,3.19
New Zealand,2015,3.06,13.54,0.16
New Zealand,2016,4.38,13.53,3.27
New Zealand,2017,3.42,13.37,2.52
New Zealand,2018,3.27,14.05,2.48
New Zealand,2019,3.54,13.36,3.11
New Zealand,2020,4.43,14.09,3.29
Nicaragua,2006,14.04,12.59,4.54
Nicaragua,2007,13.46,1.21,4.47
Nicaragua,2008,13.39,13.04,4.49
Nicaragua,2009,13.14,13.01,4.59
Nicaragua,2010,13.22,13.25,4.28
Nicaragua,2011,1.16,13.11,5.09
Nicaragua,2012,10.44,13.23,4.15
Nicaragua,2013,10.36,13.59,4.31
Nicaragua,2014,11.39,13.33,5.34
Nicaragua,2015,12.08,13.17,5.46
Nicaragua,2016,12.11,13.25,0.38
Nicaragua,2017,11.13,1.25,5.08
Nicaragua,2018,11.53,13.13,6.48
Nicaragua,2019,10.22,13.55,5.37
Niger,2006,12.35,12.35,2.59
Niger,2007,12.28,11.46,2.38
Niger,2008,12.29,1.05,3.14
Niger,2009,8.03,1.13,1.55
Niger,2010,8.49,12.25,2.06
Niger,2011,9.09,0.7,2.46
Niger,2012,12.57,10.03,2.22
Niger,2013,11.51,1.05,3.28
Niger,2014,10.05,11.18,3.25
Niger,2015,11.43,11.22,3.38
Niger,2016,13.34,11.15,5.25
Niger,2017,12.58,12.11,7.07
Niger,2018,10.37,12.51,8.23
Niger,2019,12.09,13.36,5.04
Nigeria,2006,14.31,13.01,2.58
Nigeria,2007,15.18,13.46,2.21
Nigeria,2008,14.52,1.14,4.04
Nigeria,2009,15.13,12.25,3.45
Nigeria,2010,15.11,13.02,0.19
Nigeria,2012,0.9,13.31,3.29
Nigeria,2013,15.05,10.38,4.46
Nigeria,2015,15.26,11.57,4.11
Nigeria,2016,15.05,12.12,4.12
Nigeria,2017,13.55,12.05,3.56
Nigeria,2018,14.26,13.25,4.16
Nigeria,2019,14.33,11.55,4.05
Nigeria,2020,15.13,12.24,5.16
North Cyprus,2012,14.15,11.49,6.45
North Cyprus,2013,11.55,10.22,7.23
North Cyprus,2014,11.32,12.04,5.11
North Cyprus,2015,10.59,11.42,5.19
North Cyprus,2016,1.07,10.44,5.46
North Cyprus,2018,10.14,0.48,4.22
North Cyprus,2019,1.04,8.14,4.56
North Macedonia,2007,1.27,10.03,4.11
North Macedonia,2009,14.04,9.36,0.37
North Macedonia,2010,14.16,9.27,5.14
North Macedonia,2011,14.25,9.48,6.03
North Macedonia,2012,1.32,10.42,7.02
North Macedonia,2013,14.21,9.38,5.31
North Macedonia,2014,14.21,10.37,5.07
North Macedonia,2015,13.44,1.02,4.59
North Macedonia,2016,1.27,10.39,4.52
North Macedonia,2017,14.16,8.22,4.59
North Macedonia,2018,1.31,0.59,4.58
North Macedonia,2019,15.23,9.36,5.04
North Macedonia,2020,14.37,10.05,6.05
Norway,2006,6.37,13.52,3.17
Norway,2008,8.23,13.12,2.35
Norway,2012,6.08,13.43,3.33
Norway,2014,6.45,13.54,3.14
Norway,2015,4.59,14.03,3.29
Norway,2016,0.41,1.25,3.29
Norway,2017,0.25,14.09,3.23
Norway,2018,4.28,13.47,3.32
Norway,2019,4.31,13.43,3.15
Norway,2020,4.31,13.43,3.36
Oman,2011,,,4.55
Pakistan,2005,14.04,,3.57
Pakistan,2007,13.14,11.23,0.31
Pakistan,2008,14.08,10.55,5.21
Pakistan,2009,14.34,10.39,5.49
Pakistan,2010,14.12,10.51,6.12
Pakistan,2011,14.17,10.28,5.58
Pakistan,2012,14.02,11.05,5.32
Pakistan,2013,13.12,9.58,4.34
Pakistan,2014,11.17,9.45,4.55
Pakistan,2015,11.57,9.35,5.29
Pakistan,2016,13.13,10.48,5.32
Pakistan,2017,11.54,9.46,5.08
Pakistan,2018,13.19,9.27,6.17
Pakistan,2019,12.56,9.41,7.04
Palestinian Territories,2006,14.18,8.17,7.11
Palestinian Territories,2007,14.04,9.26,6.52
Palestinian Territories,2008,12.33,9.31,6.43
Palestinian Territories,2009,13.17,9.04,7.46
Palestinian Territories,2010,12.32,10.28,6.21
Palestinian Territories,2011,1.15,9.27,6.28
Palestinian Territories,2012,1.13,10.16,6.19
Palestinian Territories,2013,1.18,9.54,6.05
Palestinian Territories,2014,13.24,9.25,0.38
Palestinian Territories,2015,12.54,9.54,6.09
Palestinian Territories,2016,13.32,9.53,6.18
Palestinian Territories,2017,13.51,9.57,6.56
Palestinian Territories,2018,13.34,1.01,6.59
Palestinian Territories,2019,13.49,10.25,0.4
Panama,2006,15.12,14.05,3.52
Panama,2007,15.15,1.22,2.29
Panama,2008,14.41,13.39,0.15
Panama,2009,14.49,14.43,2.24
Panama,2010,1.28,14.48,2.26
Panama,2011,1.24,14.45,0.18
Panama,2012,13.16,14.29,3.27
Panama,2013,13.34,14.29,3.46
Panama,2014,14.07,13.28,4.14
Panama,2015,1.21,13.21,4.24
Panama,2016,13.57,14.18,4.04
Panama,2017,14.01,13.53,4.02
Panama,2018,13.57,14.44,3.43
Panama,2019,14.29,14.38,4.04
Paraguay,2006,14.01,13.36,5.03
Paraguay,2007,1.33,14.27,3.39
Paraguay,2008,14.51,14.09,4.19
Paraguay,2009,14.17,13.52,3.06
Paraguay,2010,1.18,14.15,2.56
Paraguay,2011,12.36,1.21,0.19
Paraguay,2012,12.54,13.57,3.33
Paraguay,2013,15.03,15.19,3.44
Paraguay,2014,12.42,15.44,3.36
Paraguay,2015,14.23,14.26,3.39
Paraguay,2016,12.36,15.25,3.17
Paraguay,2017,1.21,15.03,3.52
Paraguay,2019,14.42,14.18,4.35
Peru,2006,14.55,11.37,0.42
Peru,2007,15.31,12.38,6.01
Peru,2008,14.56,12.43,5.54
Peru,2009,1.28,13.31,0.32
Peru,2010,14.41,0.8,0.33
Peru,2011,13.44,1.18,5.31
Peru,2012,14.27,12.37,6.38
Peru,2013,1.27,12.58,0.39
Peru,2014,14.38,12.39,5.19
Peru,2015,14.44,12.34,6.18
Peru,2016,14.26,13.42,5.38
Peru,2017,14.55,13.09,6.34
Peru,2018,15.06,13.29,0.38
Peru,2019,14.34,1.22,6.15
Philippines,2006,14.01,13.52,
Philippines,2007,1.28,13.04,6.18
Philippines,2008,13.37,13.25,6.24
Philippines,2009,13.25,14.06,5.11
Philippines,2010,13.32,14.36,4.54
Philippines,2011,13.03,14.11,5.58
Philippines,2012,12.51,14.25,5.51
Philippines,2013,12.36,13.19,5.32
Philippines,2014,13.07,13.33,5.34
Philippines,2015,12.35,13.25,5.51
Philippines,2016,13.12,13.41,0.29
Philippines,2017,11.51,12.49,5.41
Philippines,2018,12.06,12.53,6.33
Philippines,2019,12.28,13.01,5.41
Philippines,2020,12.24,13.24,5.27
Poland,2005,16.23,11.55,4.42
Poland,2007,15.25,1.16,3.58
Poland,2009,14.58,1.09,4.06
Poland,2010,15.05,12.17,3.54
Poland,2011,15.08,12.05,3.44
Poland,2012,14.48,13.07,4.27
Poland,2013,15.16,13.04,4.02
Poland,2014,14.58,12.57,3.43
Poland,2015,1.21,12.14,0.24
Poland,2016,14.08,12.57,3.44
Poland,2017,10.39,11.17,3.23
Poland,2018,1.12,12.22,2.56
Poland,2019,11.36,12.05,2.48
Poland,2020,13.07,1.16,5.29
Portugal,2006,1.28,11.49,5.33
Portugal,2008,15.33,11.43,5.09
Portugal,2010,15.48,12.22,4.25
Portugal,2011,16.02,12.05,4.39
Portugal,2012,15.59,12.09,0.37
Portugal,2013,15.46,0.7,5.48
Portugal,2014,15.41,11.45,5.58
Portugal,2015,15.41,10.57,6.11
Portugal,2016,15.22,11.24,5.26
Portugal,2017,14.41,10.49,4.54
Portugal,2018,1.28,11.19,5.18
Portugal,2019,15.15,1.11,0.3
Portugal,2020,14.27,10.48,6.23
Qatar,2009,3.04,11.18,4.18
Qatar,2010,,,
Qatar,2011,,12.41,5.28
Qatar,2012,,12.46,5.22
Qatar,2015,,,
Romania,2005,15.57,10.42,5.46
Romania,2007,15.49,10.44,4.37
Romania,2009,16.07,9.08,0.27
Romania,2010,16.14,9.56,5.44
Romania,2011,16.04,9.03,4.54
Romania,2012,15.59,9.16,5.43
Romania,2013,15.52,1.04,5.29
Romania,2014,15.58,10.54,5.31
Romania,2015,16.02,11.54,5.12
Romania,2016,15.49,11.34,4.18
Romania,2017,15.26,12.14,3.51
Romania,2018,15.21,12.15,4.58
Romania,2019,15.54,11.37,4.04
Russia,2006,15.35,10.11,3.52
Russia,2007,15.33,10.23,3.13
Russia,2008,15.24,9.54,2.46
Russia,2009,15.54,9.26,2.49
Russia,2010,15.37,9.49,2.51
Russia,2011,15.35,10.01,2.45
Russia,2012,15.38,10.11,2.54
Russia,2013,15.34,1.08,0.18
Russia,2014,14.29,11.28,2.31
Russia,2015,15.13,11.19,0.13
Russia,2016,15.25,10.36,2.22
Russia,2017,14.22,1.11,3.15
Russia,2018,14.25,11.13,3.19
Russia,2019,14.08,11.31,0.2
Russia,2020,13.43,10.45,0.19
Rwanda,2006,4.59,12.15,3.09
Rwanda,2008,4.46,10.43,3.41
Rwanda,2009,0.41,11.18,1.52
Rwanda,2011,2.41,11.05,2.34
Rwanda,2012,1.21,11.43,2.12
Rwanda,2013,1.57,1.16,2.47
Rwanda,2014,1.18,12.43,2.14
Rwanda,2015,1.35,12.01,3.26
Rwanda,2016,2.39,12.32,4.45
Rwanda,2017,3.34,12.42,5.58
Rwanda,2018,2.44,13.13,5.08
Rwanda,2019,2.48,12.16,6.58
Saudi Arabia,2005,8.25,1.13,4.03
Saudi Arabia,2007,,12.52,3.52
Saudi Arabia,2008,8.28,1.11,3.22
Saudi Arabia,2009,7.25,12.22,5.19
Saudi Arabia,2010,,10.45,4.57
Saudi Arabia,2011,,12.06,0.24
Saudi Arabia,2012,,11.55,3.45
Saudi Arabia,2013,,12.24,4.36
Saudi Arabia,2014,,11.45,5.13
Saudi Arabia,2015,,12.04,5.27
Saudi Arabia,2016,,13.13,4.26
Saudi Arabia,2017,,12.55,5.06
Saudi Arabia,2018,,12.44,4.48
Saudi Arabia,2019,,12.12,3.58
Saudi Arabia,2020,,12.34,4.11
Senegal,2006,13.25,1.14,3.45
Senegal,2007,13.47,11.54,3.19
Senegal,2008,14.39,11.13,4.12
Senegal,2009,15.18,12.37,3.48
Senegal,2010,14.11,12.49,2.23
Senegal,2011,1.27,12.32,0.18
Senegal,2012,14.12,12.51,3.34
Senegal,2013,13.57,1.08,2.45
Senegal,2014,0.7,12.05,2.37
Senegal,2015,12.45,11.51,3.28
Senegal,2016,13.14,13.04,4.05
Senegal,2017,13.45,12.26,4.51
Senegal,2018,13.25,11.54,4.07
Senegal,2019,13.16,13.09,5.32
Serbia,2007,15.05,9.36,5.34
Serbia,2009,16.01,9.04,7.15
Serbia,2010,16.05,8.52,6.55
Serbia,2011,16.17,9.05,0.41
Serbia,2012,15.52,8.34,6.11
Serbia,2013,15.08,8.49,6.43
Serbia,2014,15.12,8.18,5.26
Serbia,2015,14.19,8.16,5.03
Serbia,2016,1.29,8.55,4.58
Serbia,2017,14.11,0.51,5.26
Serbia,2018,14.24,9.19,4.56
Serbia,2019,13.33,8.29,4.02
Serbia,2020,13.44,10.03,5.58
Sierra Leone,2006,13.56,8.25,6.21
Sierra Leone,2007,1.23,9.42,0.29
Sierra Leone,2008,15.25,8.54,0.37
Sierra Leone,2010,1.31,8.34,0.29
Sierra Leone,2011,14.15,7.26,0.3
Sierra Leone,2013,14.16,8.41,7.03
Sierra Leone,2014,13.06,0.57,5.34
Sierra Leone,2015,13.45,10.25,6.54
Sierra Leone,2016,14.23,9.44,7.36
Sierra Leone,2017,14.08,0.6,8.15
Sierra Leone,2018,14.16,9.12,7.46
Sierra Leone,2019,14.34,8.33,7.18
Singapore,2006,,12.31,4.27
Singapore,2007,1.04,0.7,1.54
Singapore,2008,1.06,12.01,4.16
Singapore,2009,0.35,0.5,3.28
Singapore,2010,0.06,10.02,2.11
Singapore,2011,1.39,8.03,2.24
Singapore,2013,4.02,1.17,2.28
Singapore,2014,2.13,14.01,0.18
Singapore,2015,1.39,13.23,2.22
Singapore,2016,0.47,13.44,1.51
Singapore,2017,2.42,0.8,2.59
Singapore,2018,1.37,13.07,1.47
Singapore,2019,0.07,12.03,2.18
Slovakia,2006,15.46,11.18,5.08
Slovakia,2010,15.07,11.06,4.37
Slovakia,2011,15.07,10.37,4.47
Slovakia,2012,15.07,10.56,5.02
Slovakia,2013,15.15,11.38,4.37
Slovakia,2014,15.14,11.43,4.27
Slovakia,2015,15.28,11.54,4.29
Slovakia,2016,15.17,12.54,3.52
Slovakia,2017,1.32,13.08,3.33
Slovakia,2018,1.31,12.34,4.13
Slovakia,2019,15.26,1.15,4.12
Slovakia,2020,15.01,12.44,4.34
Slovenia,2006,11.48,10.52,5.07
Slovenia,2009,13.24,10.41,5.03
Slovenia,2010,14.05,11.11,4.55
Slovenia,2011,14.53,10.52,4.45
Slovenia,2012,14.51,10.56,4.44
Slovenia,2013,15.18,10.35,4.34
Slovenia,2014,15.09,1.02,4.51
Slovenia,2015,14.52,10.59,4.21
Slovenia,2016,13.58,10.26,4.32
Slovenia,2017,13.49,10.15,4.46
Slovenia,2018,13.59,10.44,4.35
Slovenia,2019,13.05,11.19,3.48
Slovenia,2020,13.17,1.01,5.14
Somalia,2014,7.36,13.54,3.27
Somalia,2015,0.41,15.01,3.07
Somalia,2016,7.21,14.51,3.13
Somaliland region,2009,8.33,13.39,1.52
Somaliland region,2010,7.51,12.49,1.23
Somaliland region,2011,5.57,12.29,2.02
Somaliland region,2012,5.34,12.15,2.32
South Africa,2006,,13.22,3.43
South Africa,2007,14.19,12.15,0.21
South Africa,2008,14.26,12.53,3.26
South Africa,2009,15.04,12.07,3.51
South Africa,2010,13.11,13.14,2.04
South Africa,2011,13.39,12.43,0.23
South Africa,2012,13.58,12.41,2.58
South Africa,2013,0.8,12.53,2.47
South Africa,2014,1.22,13.18,4.03
South Africa,2015,14.13,13.01,2.41
South Africa,2016,13.33,13.06,5.01
South Africa,2017,14.25,13.05,4.28
South Africa,2018,14.01,13.32,4.43
South Africa,2019,1.22,13.21,4.28
South Africa,2020,15.12,1.22,4.54
South Korea,2006,13.19,10.51,5.38
South Korea,2007,13.23,1.09,3.46
South Korea,2008,12.51,10.43,3.59
South Korea,2009,13.07,11.37,3.29
South Korea,2010,12.32,11.02,0.13
South Korea,2011,13.47,10.56,2.48
South Korea,2012,14.04,11.04,3.26
South Korea,2013,13.52,11.16,3.09
South Korea,2014,13.54,10.53,4.43
South Korea,2015,14.01,1.05,4.04
South Korea,2016,14.22,11.16,3.53
South Korea,2017,14.11,10.23,3.55
South Korea,2018,13.17,11.01,3.37
South Korea,2019,11.58,11.24,3.56
South Korea,2020,11.05,1.04,4.07
South Sudan,2014,12.22,10.14,7.08
South Sudan,2015,1.11,9.46,0.45
South Sudan,2016,13.05,10.15,9.09
South Sudan,2017,12.41,9.46,8.37
Spain,2005,12.57,12.56,4.01
Spain,2007,13.04,12.43,4.24
Spain,2008,11.23,12.52,0.26
Spain,2009,13.18,12.32,5.36
Spain,2010,1.24,12.04,5.22
Spain,2011,14.06,12.17,5.56
Spain,2012,14.04,12.29,6.06
Spain,2013,15.16,11.36,6.12
Spain,2014,14.14,11.56,5.35
Spain,2015,13.42,12.12,4.45
Spain,2016,13.39,10.53,5.01
Spain,2017,13.11,10.25,5.02
Spain,2018,12.57,10.59,5.57
Spain,2019,1.13,11.03,5.16
Spain,2020,1.13,11.26,5.17
Sri Lanka,2006,13.58,12.37,3.36
Sri Lanka,2007,14.07,11.49,0.22
Sri Lanka,2008,14.21,1.19,2.33
Sri Lanka,2009,1.09,1.17,2.52
Sri Lanka,2010,12.49,13.43,2.43
Sri Lanka,2011,1.16,13.45,2.55
Sri Lanka,2012,13.43,14.24,3.17
Sri Lanka,2013,14.02,1.26,3.28
Sri Lanka,2014,13.11,14.03,3.07
Sri Lanka,2015,14.19,14.08,3.55
Sri Lanka,2017,14.04,13.15,0.27
Sri Lanka,2018,14.16,13.51,5.02
Sri Lanka,2019,14.23,13.36,5.15
Sudan,2009,11.41,12.14,4.05
Sudan,2010,12.17,11.09,3.41
Sudan,2011,11.03,9.46,4.09
Sudan,2012,12.14,9.36,4.02
Sudan,2014,13.14,9.01,5.03
Suriname,2012,12.31,12.44,0.25
Swaziland,2011,15.17,13.41,4.11
Swaziland,2018,11.32,13.44,4.12
Swaziland,2019,12.04,12.58,0.28
Sweden,2005,,1.24,2.31
Sweden,2007,4.49,13.16,2.57
Sweden,2008,5.14,13.24,2.14
Sweden,2009,4.52,1.22,2.31
Sweden,2010,4.13,13.53,0.2
Sweden,2011,4.29,13.35,2.59
Sweden,2012,4.14,14.15,0.17
Sweden,2013,5.24,13.49,3.04
Sweden,2014,0.25,13.56,3.28
Sweden,2015,3.52,13.38,3.11
Sweden,2016,4.06,13.36,3.21
Sweden,2017,3.59,13.34,2.55
Sweden,2018,4.23,13.43,2.41
Sweden,2019,0.25,13.46,3.22
Sweden,2020,3.23,12.46,3.42
Switzerland,2006,6.48,13.41,3.32
Switzerland,2009,5.42,13.34,3.22
Switzerland,2012,5.23,14.19,2.56
Switzerland,2014,4.43,13.43,3.09
Switzerland,2015,0.21,13.29,2.46
Switzerland,2016,5.02,12.59,3.26
Switzerland,2017,5.16,12.54,3.16
Switzerland,2018,5.01,13.12,3.12
Switzerland,2019,4.54,13.18,2.51
Switzerland,2020,0.28,12.49,3.13
Syria,2008,1.08,10.09,5.38
Syria,2009,11.28,9.34,4.52
Syria,2010,12.23,9.18,3.45
Syria,2011,12.21,9.59,8.16
Syria,2012,11.13,7.44,11.45
Syria,2013,11.03,6.27,10.22
Syria,2015,11.25,6.09,10.43
Taiwan Province of China,2006,14.06,13.34,1.34
Taiwan Province of China,2008,13.05,13.14,2.49
Taiwan Province of China,2010,13.41,14.05,2.16
Taiwan Province of China,2011,12.35,13.47,1.52
Taiwan Province of China,2012,13.23,13.41,0.14
Taiwan Province of China,2013,14.01,14.06,2.04
Taiwan Province of China,2014,14.26,14.09,1.48
Taiwan Province of China,2015,14.17,13.52,2.09
Taiwan Province of China,2016,13.31,13.53,1.48
Taiwan Province of China,2017,12.23,13.57,1.54
Taiwan Province of China,2018,12.16,14.08,1.33
Taiwan Province of China,2019,11.58,1.26,1.33
Taiwan Province of China,2020,11.51,14.05,1.23
Tajikistan,2006,12.48,9.26,3.15
Tajikistan,2007,10.59,11.34,2.13
Tajikistan,2008,12.03,10.06,0.16
Tajikistan,2009,13.12,10.05,3.23
Tajikistan,2010,11.19,10.43,3.12
Tajikistan,2011,11.12,11.38,2.46
Tajikistan,2012,11.57,11.54,3.18
Tajikistan,2013,12.44,11.17,0.17
Tajikistan,2014,11.38,10.56,3.16
Tajikistan,2015,12.22,11.29,3.16
Tajikistan,2016,10.32,10.44,0.22
Tajikistan,2017,11.58,10.03,4.38
Tajikistan,2018,9.38,11.35,0.22
Tajikistan,2019,0.49,12.09,2.58
Tajikistan,2020,0.55,12.29,5.44
Tanzania,2006,10.49,12.28,3.29
Tanzania,2007,11.47,12.35,0.22
Tanzania,2008,1.33,12.24,2.58
Tanzania,2009,15.03,12.58,2.41
Tanzania,2010,14.26,11.57,2.26
Tanzania,2011,13.36,12.45,2.25
Tanzania,2012,14.47,11.19,3.15
Tanzania,2013,14.19,12.18,3.11
Tanzania,2014,14.38,12.11,4.01
Tanzania,2015,15.06,10.19,3.12
Tanzania,2016,12.19,11.34,4.06
Tanzania,2017,10.54,11.55,4.15
Tanzania,2018,10.12,12.42,3.41
Tanzania,2019,9.49,12.06,4.03
Tanzania,2020,8.41,11.26,4.31
Thailand,2006,15.35,13.34,2.44
Thailand,2007,14.58,13.52,0.18
Thailand,2008,15.33,13.39,2.25
Thailand,2009,15.04,14.58,2.46
Thailand,2010,15.17,15.01,3.02
Thailand,2011,15.23,15.34,1.57
Thailand,2012,15.09,14.15,2.18
Thailand,2013,15.25,14.06,2.21
Thailand,2014,1.32,13.31,2.49
Thailand,2015,15.14,1.31,2.54
Thailand,2016,14.38,13.55,3.38
Thailand,2017,14.44,13.36,3.52
Thailand,2018,15.07,14.03,3.18
Thailand,2019,14.37,14.03,3.28
Thailand,2020,15.18,13.03,5.26
Togo,2006,1.25,10.15,5.48
Togo,2008,15.32,6.02,6.19
Togo,2011,13.52,0.48,6.35
Togo,2014,13.15,9.43,7.23
Togo,2015,12.13,9.59,6.56
Togo,2016,13.35,10.04,8.03
Togo,2017,12.06,10.14,7.06
Togo,2018,13.29,10.08,7.26
Togo,2019,12.17,0.59,7.24
Trinidad and Tobago,2006,15.17,13.18,3.49
Trinidad and Tobago,2008,15.59,13.37,3.04
Trinidad and Tobago,2011,0.9,15.06,2.14
Trinidad and Tobago,2013,15.48,13.53,4.46
Trinidad and Tobago,2017,15.11,14.06,4.08
Tunisia,2009,12.02,,
Tunisia,2010,12.12,12.05,4.09
Tunisia,2011,15.13,9.48,4.08
Tunisia,2012,14.59,8.41,5.27
Tunisia,2013,14.46,8.37,3.59
Tunisia,2014,13.03,8.23,5.21
Tunisia,2015,13.35,9.33,0.32
Tunisia,2016,13.31,10.12,6.18
Tunisia,2017,14.29,7.01,6.17
Tunisia,2018,1.24,9.52,6.05
Tunisia,2019,14.49,8.59,7.13
Tunisia,2020,14.37,9.45,7.19
Turkey,2005,14.37,9.17,
Turkey,2007,0.8,10.51,6.35
Turkey,2008,13.05,10.14,5.45
Turkey,2009,14.13,9.58,5.16
Turkey,2010,13.31,10.52,5.27
Turkey,2011,10.49,10.21,0.38
Turkey,2012,11.42,10.45,5.35
Turkey,2013,11.38,10.35,6.32
Turkey,2014,12.44,8.03,6.17
Turkey,2015,13.26,0.46,6.22
Turkey,2016,12.44,7.45,0.39
Turkey,2017,11.11,0.45,5.13
Turkey,2018,13.25,7.15,5.51
Turkey,2019,1.16,7.02,6.08
Turkey,2020,12.54,6.24,0.44
Turkmenistan,2009,,13.01,2.32
Turkmenistan,2011,,10.39,2.02
Turkmenistan,2012,,9.44,1.57
Turkmenistan,2013,,9.59,0.16
Turkmenistan,2014,,11.35,2.34
Turkmenistan,2015,,11.45,5.01
Turkmenistan,2016,,10.36,4.15
Turkmenistan,2017,,8.41,0.35
Turkmenistan,2018,,10.12,3.09
Turkmenistan,2019,,0.51,3.03
Uganda,2006,13.27,0.59,4.14
Uganda,2007,14.41,11.48,3.48
Uganda,2008,14.08,10.41,0.24
Uganda,2009,1.24,1.04,4.56
Uganda,2010,14.15,10.48,4.11
Uganda,2011,1.23,11.18,4.14
Uganda,2012,13.58,12.34,4.25
Uganda,2013,1.22,11.16,5.46
Uganda,2014,14.58,11.21,6.37
Uganda,2015,14.33,11.43,5.53
Uganda,2016,13.31,11.08,0.41
Uganda,2017,13.36,11.43,0.4
Uganda,2018,14.16,11.25,0.39
Uganda,2019,13.46,11.33,6.25
Uganda,2020,14.38,11.39,7.05
Ukraine,2006,15.29,10.22,4.09
Ukraine,2007,16.08,10.36,3.28
Ukraine,2008,15.29,9.33,3.06
Ukraine,2009,16.02,9.43,3.09
Ukraine,2010,15.54,8.33,3.47
Ukraine,2011,15.33,0.59,0.22
Ukraine,2012,14.56,0.57,3.13
Ukraine,2013,15.37,10.43,3.45
Ukraine,2014,15.27,9.54,4.09
Ukraine,2015,15.52,9.34,4.01
Ukraine,2016,14.51,9.49,0.22
Ukraine,2017,15.37,9.57,3.55
Ukraine,2018,15.43,10.09,3.42
Ukraine,2019,14.45,10.34,3.21
Ukraine,2020,15.46,11.28,4.45
United Arab Emirates,2006,3.23,12.26,4.35
United Arab Emirates,2009,5.39,1.17,4.47
United Arab Emirates,2010,5.55,12.43,3.53
United Arab Emirates,2011,,12.43,3.36
United Arab Emirates,2012,,12.48,3.44
United Arab Emirates,2013,,,4.51
United Arab Emirates,2014,,,
United Arab Emirates,2015,,12.41,4.56
United Arab Emirates,2016,,12.55,4.05
United Arab Emirates,2017,,13.15,3.28
United Arab Emirates,2018,,13.07,5.02
United Arab Emirates,2019,,13.13,4.44
United Arab Emirates,2020,,12.32,4.58
United Kingdom,2005,6.38,14.24,4.22
United Kingdom,2007,8.18,13.02,4.01
United Kingdom,2008,9.08,13.39,3.38
United Kingdom,2009,9.19,14.06,3.51
United Kingdom,2010,9.47,14.23,2.56
United Kingdom,2011,7.18,14.04,2.54
United Kingdom,2012,7.05,14.04,3.04
United Kingdom,2013,9.28,12.56,4.12
United Kingdom,2014,8.04,13.14,4.11
United Kingdom,2015,7.36,13.18,3.39
United Kingdom,2016,7.38,12.56,0.23
United Kingdom,2017,6.59,12.39,0.21
United Kingdom,2018,6.44,13.03,3.48
United Kingdom,2019,8.05,12.55,4.11
United Kingdom,2020,0.49,12.38,3.45
United States,2006,0.6,13.47,4.21
United States,2007,10.33,13.49,3.52
United States,2008,11.08,14.32,3.47
United States,2009,11.05,14.03,4.22
United States,2010,1.09,14.21,3.51
United States,2011,11.37,13.56,4.33
United States,2012,1.11,13.54,0.26
United States,2013,12.27,13.34,0.26
United States,2014,11.42,13.54,4.41
United States,2015,11.38,13.34,4.35
United States,2016,12.19,13.26,4.24
United States,2017,11.21,13.47,4.28
United States,2018,1.11,13.35,4.52
United States,2019,11.47,13.35,4.04
United States,2020,11.18,13.07,4.55
Uruguay,2006,7.57,13.04,5.06
Uruguay,2007,10.14,12.57,4.34
Uruguay,2008,9.57,12.31,4.24
Uruguay,2009,9.04,13.13,4.15
Uruguay,2010,7.51,13.27,3.51
Uruguay,2011,9.16,13.25,4.12
Uruguay,2012,10.15,13.08,3.34
Uruguay,2013,9.46,13.46,4.13
Uruguay,2014,8.53,14.29,4.11
Uruguay,2015,11.13,14.53,0.3
Uruguay,2016,11.16,14.02,4.43
Uruguay,2017,10.27,13.56,0.28
Uruguay,2018,11.23,14.37,4.35
Uruguay,2019,9.59,14.49,3.42
Uruguay,2020,8.11,13.27,4.25
Uzbekistan,2006,10.09,12.08,3.15
Uzbekistan,2008,,11.54,3.07
Uzbekistan,2009,1.01,12.16,2.39
Uzbekistan,2010,8.39,12.56,2.32
Uzbekistan,2011,8.42,13.07,2.03
Uzbekistan,2012,7.43,13.06,1.58
Uzbekistan,2013,7.14,12.29,0.13
Uzbekistan,2014,8.56,13.25,1.46
Uzbekistan,2015,7.51,1.24,1.43
Uzbekistan,2016,,14.02,2.27
Uzbekistan,2017,7.45,13.59,3.23
Uzbekistan,2018,0.52,13.45,3.29
Uzbekistan,2019,8.31,14.05,0.22
Venezuela,2005,1.12,13.39,3.53
Venezuela,2006,10.46,14.19,2.58
Venezuela,2008,12.56,13.22,3.44
Venezuela,2009,13.48,13.45,0.18
Venezuela,2010,12.34,14.22,0.13
Venezuela,2011,12.52,13.48,3.19
Venezuela,2012,12.23,14.18,2.56
Venezuela,2013,13.57,1.24,3.58
Venezuela,2014,13.47,13.31,4.04
Venezuela,2015,13.33,14.27,3.43
Venezuela,2016,1.29,11.28,6.32
Venezuela,2017,14.04,12.06,6.03
Venezuela,2018,13.48,12.39,6.14
Venezuela,2019,13.59,12.41,5.51
Venezuela,2020,13.31,12.02,6.36
Vietnam,2006,,11.22,3.24
Vietnam,2007,12.34,9.48,3.26
Vietnam,2008,13.09,11.05,3.38
Vietnam,2009,13.58,9.43,0.19
Vietnam,2010,12.23,11.25,3.36
Vietnam,2011,12.22,8.52,3.13
Vietnam,2012,13.35,10.15,3.41
Vietnam,2013,12.51,11.58,2.45
Vietnam,2014,,11.41,4.01
Vietnam,2015,,10.42,3.52
Vietnam,2016,13.19,8.56,3.43
Vietnam,2017,,,
Vietnam,2018,13.28,11.32,3.11
Vietnam,2019,13.08,12.31,3.06
Yemen,2007,,9.52,6.19
Yemen,2009,13.52,9.43,6.14
Yemen,2010,14.13,9.42,5.08
Yemen,2011,12.34,8.23,4.45
Yemen,2012,13.13,8.22,4.23
Yemen,2013,14.45,9.18,4.26
Yemen,2014,14.45,10.11,4.36
Yemen,2015,13.49,8.27,5.21
Yemen,2016,,7.49,3.48
Yemen,2017,,7.35,4.55
Yemen,2018,13.13,7.41,5.15
Yemen,2019,13.18,9.03,3.33
Zambia,2006,13.05,11.41,3.46
Zambia,2007,15.48,11.27,4.06
Zambia,2008,1.29,12.24,3.26
Zambia,2009,15.17,12.08,2.03
Zambia,2011,14.42,13.53,3.24
Zambia,2012,13.26,12.06,0.25
Zambia,2013,12.12,12.15,5.08
Zambia,2014,13.29,11.32,5.27
Zambia,2015,14.31,1.09,6.22
Zambia,2016,12.51,12.11,6.12
Zambia,2017,1.14,11.25,6.27
Zambia,2018,13.31,11.43,5.51
Zambia,2019,13.52,12.23,6.34
Zambia,2020,1.21,11.31,5.45
Zimbabwe,2006,15.05,11.55,4.57
Zimbabwe,2007,15.46,11.01,4.25
Zimbabwe,2008,16.04,10.31,0.25
Zimbabwe,2009,15.31,12.16,3.38
Zimbabwe,2010,13.48,12.28,2.02
Zimbabwe,2011,1.23,13.01,3.31
Zimbabwe,2012,14.19,11.09,2.57
Zimbabwe,2013,13.51,11.52,3.02
Zimbabwe,2014,1.22,12.05,3.59
Zimbabwe,2015,1.21,11.55,2.59
Zimbabwe,2016,12.04,12.18,3.29
Zimbabwe,2017,12.31,13.26,3.44
Zimbabwe,2018,14.04,1.11,3.32
Zimbabwe,2019,13.51,11.56,3.55
Zimbabwe,2020,13.09,11.43,5.46