Identifier,Response,Web Search Sources,Time Taken,Input Tokens,Reasoning Tokens,Output Tokens,Reasoning Effort,Error Log,Response IDs,Successful
8898da04_batch0,"[""{\n\t\""optimistic about technology\"": 0,\n\t\""anger\"": 45,\n\t\""use of logic\"": 20,\n\t\""formality\"": 70,\n\t\""toxicity towards other users\"": 60\n}""]",,5.66045069694519,577,320,399,,[],['resp_0f3312d0a3c4ac460069a817da88448194a73c8e96befff5d0'],True
6dfcc8cf_batch0,"[""{\n\t\""toxicity towards other users\"": 0,\n\t\""anger\"": 0,\n\t\""formality\"": 10,\n\t\""optimistic about technology\"": 0,\n\t\""use of logic\"": 0\n}""]",,5.672723770141602,573,256,358,,[],['resp_016aaa8216036e980069a817da8724819a91cbbb41d5f4abca'],True
b2104f43_batch0,"[""{\n\t\""formality\"": 88,\n\t\""toxicity towards other users\"": 0,\n\t\""optimistic about technology\"": 0,\n\t\""use of logic\"": 80,\n\t\""anger\"": 0\n}""]",,5.888941049575806,575,320,389,,[],['resp_00fb5256e450db930069a817da835c8195a4814f919deaac57'],True
ff2f977d_batch0,"[""{\n\t\""toxicity towards other users\"": 0,\n\t\""anger\"": 0,\n\t\""use of logic\"": 75,\n\t\""formality\"": 85,\n\t\""optimistic about technology\"": 5\n}""]",,5.901410102844238,580,320,388,,[],['resp_076288d5986c44970069a817da86d8819897a8b770d6c3af09'],True
d9570ca0_batch0,"[""{\n\t\""formality\"": 8,\n\t\""optimistic about technology\"": 0,\n\t\""anger\"": 85,\n\t\""use of logic\"": 5,\n\t\""toxicity towards other users\"": 92\n}""]",,6.094882011413574,573,256,367,,[],['resp_006619f865113d040069a817da8a048194b1f371e38ff8d796'],True
f3840d2b_batch0,"[""{\n  \""formality\"": 15,\n  \""optimistic about technology\"": 0,\n  \""use of logic\"": 5,\n  \""toxicity towards other users\"": 10,\n  \""anger\"": 70\n}""]",,6.099238157272339,577,320,420,,[],['resp_08706599c1be5bdc0069a817da847c819990e76960d39d4f2d'],True
e506da68_batch0,"[""{\n\t\""formality\"": 85,\n\t\""use of logic\"": 30,\n\t\""anger\"": 0,\n\t\""toxicity towards other users\"": 0,\n\t\""optimistic about technology\"": 70\n}""]",,6.107617139816284,578,256,364,,[],['resp_0b8ec9174e3955ca0069a817da8b388193aceb97efd600386a'],True
71aee04d_batch0,"[""{\n  \""formality\"": 90,\n  \""use of logic\"": 85,\n  \""anger\"": 0,\n  \""optimistic about technology\"": 60,\n  \""toxicity towards other users\"": 0\n}""]",,6.415520906448364,585,320,431,,[],['resp_0030be68b68fd0b00069a817da83748198b81ade0fb4ac36cb'],True
3e34b3c5_batch0,"[""{\n  \""use of logic\"": 35,\n  \""anger\"": 0,\n  \""formality\"": 10,\n  \""toxicity towards other users\"": 0,\n  \""optimistic about technology\"": 85\n}""]",,6.981881618499756,576,384,498,,[],['resp_00cce5ee4896f6ba0069a817da87fc819a9eec4e844d0941e4'],True
a06da599_batch0,"[""{\n\t\""use of logic\"": 12,\n\t\""toxicity towards other users\"": 46,\n\t\""anger\"": 52,\n\t\""optimistic about technology\"": 40,\n\t\""formality\"": 14\n}""]",,7.598972797393799,576,448,519,,[],['resp_04805c75fcf150200069a817da8560819783d8eb05635998a3'],True
52f62546_batch0,"[""{\n\t\""formality\"": 70,\n\t\""toxicity towards other users\"": 30,\n\t\""anger\"": 20,\n\t\""optimistic about technology\"": 70,\n\t\""use of logic\"": 40\n}""]",,7.8161461353302,575,448,538,,[],['resp_0be69e9e708e7d200069a817da84f0819b874d99b40361a754'],True
8627e222_batch0,"[""{\n\t\""formality\"": 60,\n\t\""anger\"": 25,\n\t\""optimistic about technology\"": 10,\n\t\""use of logic\"": 15,\n\t\""toxicity towards other users\"": 0\n}""]",,7.829164743423462,570,448,532,,[],['resp_01522d351b1a69080069a817da8548819ab1c183b32f2a2f85'],True
f0ffdee4_batch0,"[""{\n\t\""anger\"": 0,\n\t\""optimistic about technology\"": 60,\n\t\""use of logic\"": 80,\n\t\""formality\"": 60,\n\t\""toxicity towards other users\"": 0\n}""]",,8.085829973220825,577,448,501,,[],['resp_0ebb14f0a6dfcf4c0069a817da87b0819baa64015df0b1b4de'],True
bffdeaf6_batch0,"[""{\n\t\""toxicity towards other users\"": 0,\n\t\""optimistic about technology\"": 60,\n\t\""formality\"": 80,\n\t\""use of logic\"": 90,\n\t\""anger\"": 0\n}""]",,8.170777082443237,584,384,491,,[],['resp_04658d82da69022d0069a817da886881958929acd8aa5bb996'],True
8523b02b_batch0,"[""{\n  \""use of logic\"": 35,\n  \""toxicity towards other users\"": 40,\n  \""anger\"": 15,\n  \""optimistic about technology\"": 70,\n  \""formality\"": 80\n}""]",,8.33554196357727,577,384,498,,[],['resp_074faf64c01f42c40069a817da85008198b09c3c3d873a5d2f'],True
b57aea60_batch0,"[""{\n\t\""formality\"": 60,\n\t\""anger\"": 0,\n\t\""optimistic about technology\"": 5,\n\t\""use of logic\"": 10,\n\t\""toxicity towards other users\"": 0\n}""]",,8.404706954956055,576,448,517,,[],['resp_00f6d44cff79685b0069a817da8510819a80e58a76e1d453b6'],True
ddc4e241_batch0,"[""{\n  \""toxicity towards other users\"": 0,\n  \""use of logic\"": 65,\n  \""optimistic about technology\"": 65,\n  \""formality\"": 25,\n  \""anger\"": 20\n}""]",,8.789170980453491,579,448,551,,[],['resp_0f350fbf1239a3ad0069a817da86ac819886a238afc5b19c90'],True
ac788b84_batch0,"[""{\n  \""toxicity towards other users\"": 5,\n  \""optimistic about technology\"": 3,\n  \""anger\"": 25,\n  \""use of logic\"": 20,\n  \""formality\"": 30\n}""]",,9.171898126602173,582,576,629,,[],['resp_07c8af9391bc73d90069a817da885c8194806ae9992ec11947'],True
db5ae09e_batch0,"[""{\n\t\""formality\"": 10,\n\t\""optimistic about technology\"": 10,\n\t\""use of logic\"": 5,\n\t\""anger\"": 45,\n\t\""toxicity towards other users\"": 5\n}""]",,9.587108135223389,574,512,616,,[],['resp_07adbe1e0c4ec4360069a817da86c4819393b7912ea0059cd6'],True
e26c32c2_batch0,"[""{\n\t\""use of logic\"": 5,\n\t\""formality\"": 5,\n\t\""toxicity towards other users\"": 0,\n\t\""anger\"": 0,\n\t\""optimistic about technology\"": 85\n}""]",,9.675114154815674,570,512,600,,[],['resp_08c848e18b5d48f70069a817da8b088196ba6a9951f1a7d7b7'],True
