name,path,entity_name,newspaper,date,headline,text,EPU
Mumbai_Mint_09-03-2026.pdf,/Users/kalyan/Library/CloudStorage/OneDrive-Personal/Kalyan/KK-Python/Kalyan-Jupyter-Notebooks/EPU/data/pdfs/Mumbai_Mint_09-03-2026.pdf,How RBI plans to compensate for digital frauds,unknown,09/03/2026,"How RBI plans to
compensate for
digital frauds","What has the RBI proposed in its new framework on
digital payment fraud compensation?
The RBI has proposed a framework to compensate victims of small-value
digital payment frauds, even in cases where the customer may have been
partly negligent. The draft guidelines allow partial reimbursement for
transactions of up to ₹50,000, with victims potentially receiving up to 85%
of the loss or up to ₹25,000, whichever is lower. The benefit may be
available only once in a lifetime for each customer. The idea is to create a
structured compensation mechanism where the financial burden is shared
among the issuing bank, receiving bank and, potentially, the regulator,
ensuring quicker relief for customers who fall prey to cyber fraud.

The Reserve Bank of India (RBI) has proposed a framework to partly
compensate victims of small-value digital payment fraud even if they
were partly responsible. The benefit may be capped and limited to a
one-time claim. How could the mechanism work and why does the
RBI believe that a shared liability framework is needed? Mint explains:",0
Mumbai_Mint_09-03-2026.pdf,/Users/kalyan/Library/CloudStorage/OneDrive-Personal/Kalyan/KK-Python/Kalyan-Jupyter-Notebooks/EPU/data/pdfs/Mumbai_Mint_09-03-2026.pdf,"BUFFETT, ABEL & THE BERKSHIRE PARADOX",unknown,09/03/2026,"BUFFETT, ABEL & THE
BERKSHIRE PARADOX","When Berkshire Hathaway published its latest financial results, it attracted more than the usual attention for two reasons. First, the fourth-quarter and full-year earnings reports present the final report card for Warren Buffett’s era as the conglomerate’s chief executive officer (CEO). Second, it featured the highly anticipated debut shareholder letter from the company’s new CEO, Greg Abel, who is inheriting a formidable legacy. Abel finds himself in a tough spot—he cannot deviate from the path set by Buffett, which has greatly benefited investors. Yet, with Berkshire sitting on a cash pile of nearly $373 billion, the new chief executive is under pressure to show more aggression.

IN HIS inaugural CEO letter, Abel said Berkshire’s values and financial conservatism “remain unchanged and will continue into perpetuity.” He assured to uphold Buffett and Munger’s legacy, promising subsidiaries autonomy while sticking to Buffett’s playbook: a strong balance sheet, limited debt, and patient capital allocation.
These principles guided Berkshire into building its current portfolio (see chart). Abel said he expects the core holdings to compound over decades and intends to hold “preferably forever”. Buybacks will only occur when shares trade below a conservative estimate of intrinsic value, and the long-standing resistance to paying a cash dividend will remain firmly in place.
Framing his tenure as a long-term commitment, Abel acknowledged he cannot realistically match Buffett’s 60-year run, but set a clear benchmark. Twenty years from now, shareholders and their descendants will find Berkshire stronger than they left it.

AFTER BUFFETT announced he would step down, Berkshire’s shares fell sharply from their record high of over $809,000. The stock lost up to 14% over the following months through early August, even as the S&P 500 gained about 11% over the same period, creating the widest three-month underperformance gap relative to the index in decades. Analysts attributed the sell-off to the unwinding of the “Buffett premium”, as long-term holders, including families and early investors who had held shares for generations, chose to exit ahead of the leadership change.
On the Monday following the Q4 2025 earnings release, Berkshire shares fell nearly 5%, pushing the stock into negative territory for the year. The immediate trigger was the 30% drop in operating earnings, but the sell-off was compounded by investor frustration over Abel’s decision to maintain the pause on share buybacks while reaffirming the company’s long-standing refusal to pay a dividend.

YEAR 2025 marked a key transition at Berkshire Hathaway. Buffett stepped down as CEO after 60 years, announcing the decision at the company’s annual shareholder meeting in May, citing the effects of ageing.
He took control of Berkshire in 1965 when it was a struggling textile manufacturer. With his partner Charlie Munger, who died in 2023, he built it into a sprawling conglomerate with holdings in insurance, railroads, energy, utilities, consumer goods, and manufacturing, valued at $1.05 trillion in early 2026.
Between 1965 and 2025, Berkshire’s shares delivered a compound annual growth rate (CAGR) of approximately 19.8%, compared with roughly 10% for the S&P 500, including dividends. This translates to a total return more than 60,000 times the initial investment, compared with 400-460 times for the index. By the end of 2025, his own net worth exceeded $150 billion. This track record made Buffett one of the most revered investors in history.

BUFFETT’s FINALE did not reflect his lifetime of achievement. In Q4 2025, Berkshire’s operating earnings fell nearly 30% year-on-year to $10.2 billion, primarily driven by insurance. Underwriting profits plummeted 54% to $1.56 billion, while insurance investment income dropped roughly 25% to $3.1 billion. Geico saw underwriting profit fall by nearly half, due to rising accident claims and higher advertising expenses.
Abel flagged challenges, noting that after years of rate increases, the industry is experiencing deceleration amid increased competition from new capital. Given Berkshire’s strict underwriting discipline, he cautioned that this “likely means we will write less property and casualty business for a period of time”.
Still, Berkshire’s diversification offered some cushion. BNSF railroad posted a 6% increase in Q4 profit, and the manufacturing, service, and retail segment recorded a 3% gain. However, overall net income fell about 3% to $19.2 billion in the quarter.

BERKSHIRE HATHAWAY’s shares fell nearly 5% after its earnings report, partly due to investor frustration over its near-record cash pile and concerns that CEO Greg Abel may not deploy it aggressively.
Berkshire ended 2025 with $373.3 billion in cash and short-term US Treasury bills. Abel described the reserve as dry powder supporting a “fortress-like balance sheet”. He said a portion of it was earmarked to back Berkshire’s insurance operations, and the rest for deployment.
Berkshire’s biggest deal in three years was a $9.7 billion all-cash acquisition of OxyChem, Occidental Petroleum’s petrochemicals unit. Abel also cited the purchase of Bell Laboratories, a family-owned rodent-control firm, as the type of business Berkshire seeks: durable economics, strong managers and no financing contingencies.
He promised that Berkshire will evaluate deals and move quickly when they meet its criteria.",0
Mumbai_Mint_09-03-2026.pdf,/Users/kalyan/Library/CloudStorage/OneDrive-Personal/Kalyan/KK-Python/Kalyan-Jupyter-Notebooks/EPU/data/pdfs/Mumbai_Mint_09-03-2026.pdf,"Sembcorp, Hexa circle Enel’s India green unit",unknown,09/03/2026,"Sembcorp, Hexa circle
Enel’s India green unit","The Indian renewable energy business of Sembcorp Industries Ltd as well as Hexa Climate Solutions are vying for the entire India renewable business of Italy’s Enel Group in a deal having an equity and enterprise value of around $100 million and $300 million, respectively, according to two people aware of the development.
Singapore’s Sembcorp is present in India through Sembcorp India Pvt. Ltd and Sembcorp Green Infra Ltd (SGIL) along with other subsidiaries, while Hexa is backed by I Squared Capital.
The HSBC-run sale process follows a deal signed last year—which later fell through—under which Waaree Energies Ltd had agreed to buy 100% of Enel Green Power India Pvt Ltd (EGP India) from its parent Enel Green Power Development S.R.L. for ₹792 crore. Mint first reported on 15 November 2023 that Enel Group planned to exit its India renewable business.
“Enel Group’s entire India renewable business is back on offer again and Sembcorp and Hexa are in talks for it,” one of the two people cited above said, requesting anonymity.
Enel Green Power India’s portfolio comprises 760 megawatts (MW) of operational wind and solar assets, and a development pipeline of 2.5 gigawatts (GW). The company has been present in India’s renewable sector since 2015. In 2020, it partnered with Norway’s state-owned investment fund Norfund to jointly finance, build and operate new renewable projects in the country.
Enel Group had earlier also explored opportunities in India’s power distribution sector, including the proposed privatization of Puducherry’s electricity utility. It had also submitted non-binding offers earlier to acquire Reliance Infrastructure Ltd’s Delhi electricity distribution businesses.
The development comes as both Sembcorp and Hexa are ramping up their India portfolios.
Last year, Sembcorp acquired 300MW of solar projects from Nasdaq-listed ReNew Energy Global Plc. The Singapore Exchange-listed company currently has a renewable portfolio of",0
Mumbai_Mint_09-03-2026.pdf,/Users/kalyan/Library/CloudStorage/OneDrive-Personal/Kalyan/KK-Python/Kalyan-Jupyter-Notebooks/EPU/data/pdfs/Mumbai_Mint_09-03-2026.pdf,Parts firms take safe lane on green trip,unknown,09/03/2026,Parts firms take safe lane on green trip,"Auto component makers are pitching powertrain-agnostic portfolios as the best way to address uncertainty about which technologies will dominate roads amid the shift away from combustion engines.
Strategies put in place by companies like Greaves Cotton, Tenneco Clean Air and Belrise Industries suggest that suppliers need to either make parts that can be used across multiple powertrains or build capabilities simultaneously in electric, combustion, hybrid and CNG technologies.
The approach helps them stay relevant regardless of which technology leaps ahead, according to industry executives and experts. Their comments come as global carmakers such as Ford, Volkswagen and Stellantis slow their EV-only plans, while in India, automakers spar over policy priorities for EVs and transitional technologies like hybrids and CNG.
“You have to hedge your bets, or rather, you have to make sure you have activities in all [powertrains]. Even the OEMs are doing that,” said Parag Satpute, managing director and chief executive at Greaves Cotton, known for engine manufacturing and engineering.
“As an auto component company, in some ways, it's easier for us to do that. We are dealing in components; so, there's not a huge difference in the components when it comes between, let's say a CNG or a diesel or a petrol. The components are fairly similar. Their capabilities are fairly similar,” Satpute added.
India's premier energy efficiency agency, the Bureau of Energy Efficiency, has drawn up a clean fuel mix scenario for FY32 comprising multiple technologies, including hybrids, flex fuel vehicles, electric, CNG and traditional ICE engines.
Arvind Chandra, chief executive at Tenneco Clean Air India, said the company will be prepared, no matter the course of technology evolution.
“What we're seeing at a high level is no matter how the pendulum swings, whether it swings to go back to full internal combustion engine, diesel, petrol vehicles, we are fine",0
Mumbai_Mint_09-03-2026.pdf,/Users/kalyan/Library/CloudStorage/OneDrive-Personal/Kalyan/KK-Python/Kalyan-Jupyter-Notebooks/EPU/data/pdfs/Mumbai_Mint_09-03-2026.pdf,Bulls not buying the dip as caution rules,unknown,09/03/2026,"Bulls not buying the
dip as caution rules","When stock markets tank, intrepid investors troop in to buy the dip. This time, though, the signs are missing.
With the Iran attack widening into a regional conflict, investor sentiment remains significantly subdued, raising the possibility of further market declines. The flare-up threatens to block crude oil supplies from the region, and fuel a spike in energy prices.
The lack of interest among bulls is reflected by a sharp fall in the cumulative value of marketwide call options (index and stocks) relative to marketwide put options since the war began last Saturday. This, in turn, indicates investors are not buying the dip, a diversion from past occasions, and raises the chances of the Nifty falling as much as 2.7% to 23,800 unless the tensions abate, per analysts.",0
Mumbai_Mint_09-03-2026.pdf,/Users/kalyan/Library/CloudStorage/OneDrive-Personal/Kalyan/KK-Python/Kalyan-Jupyter-Notebooks/EPU/data/pdfs/Mumbai_Mint_09-03-2026.pdf,New MF fee rules to hit small agents,unknown,09/03/2026,"New MF fee rules
to hit small agents","A regulatory overhaul of how commissions are paid will shake up the segment estimated to account for about half of India’s ₹81 trillion in mutual fund assets: small distributors. Industry experts say they will be forced to partner with larger peers to survive, driving consolidation.
The Securities and Exchange Board of India (Sebi) in December approved a revised framework for total expense ratio (TER) limits. It has two components: the base expense ratio (BER) and all statutory and regulatory levies, such as goods and services tax (GST), securities transaction tax, stamp duty, and regulatory fees, which will be charged separately over and above the base cost.
For equity-oriented schemes, BER will now range from 2.10% for assets up to ₹500 crore to 0.95% for assets more than ₹50,000 crore.",0
Mumbai_Mint_09-03-2026.pdf,/Users/kalyan/Library/CloudStorage/OneDrive-Personal/Kalyan/KK-Python/Kalyan-Jupyter-Notebooks/EPU/data/pdfs/Mumbai_Mint_09-03-2026.pdf,A bitter harvest for wheat as war pops export dreams,unknown,09/03/2026,"A bitter harvest for wheat
as war pops export dreams","The conflict in West Asia may stall India’s return to the global wheat market, just as the rabi harvest is set to hit markets later this month. The development marks a setback for farmers and traders in the world’s second-largest producer, which has reopened exports after nearly four years of restrictions.
Uncertainty in shipping logistics is affecting forward deals with importing countries as well as procurement plans with farmers. Exporters are wary of committing to large shipments, given that freight rates remain volatile and vessel schedules uncertain. The development assumes significance given that India's wheat production this financial year is expected to reach a record 120 million tonnes.
“With the crisis in West Asia intensifying, there is lacklustre sentiment among both importers and exporters due to higher freight costs and logistical uncertainties. Things are likely to be clear in due course of time,” said Vikas Jain, proprietor, Osho Marketing House, a Delhi-based export firm.
“Though global wheat prices have increased, it could have been a good opportunity for Indian farmers and traders to earn better returns through exports. However, disruptions in global supply chains and the rise in freight charges have reduced that opportunity,” another exporter said, who wishes not to be quoted.
The FAO Cereal Price Index averaged 108.6 points in February, up 1.1 points (1.1%) from January, but still 4 points (3.5%) lower than its level a year earlier.
World wheat prices rose 1.8% in February, supported by reports of frost and increased winterkill risks in parts of Europe and the US.
“Logistical disruptions in the Russian Federation and continuing tensions in the Black Sea region also contributed to the increase,” the FAO said in its report released on 6 March.
“India had the opportunity to tap export markets during the Russia-Ukraine war, but the ban on wheat exports prevented exporters from taking advantage of it,” said Bhagwan Meena, a farmer from the Malwa region in Madhya Pradesh.
Echoing the views of farmers and exporters, industry representatives said that traders and processors may remain cautious this season, as escalating tensions in West Asia may disrupt wheat exports to several markets in the region.
“Sentiment among the wheat trade and industry is likely to remain subdued this year, as many incurred losses last season after buying wheat at prices close to minimum support price (MSP) levels, and were unable to recover their carrying costs. As a result, the trade and industry are expected to be more cautious in procurement this season, with many likely to limit purchases and avoid building large inventories to prevent a repeat of last year’s losses,” said Navneet Chitlangia, president of the Roller Flour Millers’ Federation of India.
In response, Indian exporters are likely to redirect supplies to nearby markets where demand remains steady and transportation costs are lower, Chitlangia said.
“Countries such as Bangladesh, Nepal and Sri Lanka are expected to see higher wheat shipments from India as exporters look for stable and accessible markets,” Chitlangia added.
Queries sent to the ministry of consumer affairs and food distribution remained unanswered till press time.",0
Mumbai_Mint_09-03-2026.pdf,/Users/kalyan/Library/CloudStorage/OneDrive-Personal/Kalyan/KK-Python/Kalyan-Jupyter-Notebooks/EPU/data/pdfs/Mumbai_Mint_09-03-2026.pdf,India weighs tighter rules on nicotine lozenge sales,unknown,09/03/2026,India weighs tighter rules on nicotine lozenge sales,"India plans to tighten rules governing the sale of nicotine lozenges, moving them from general store counters to regulated pharmacy shelves to curb easy access among minors and non-smokers.
The move would remove 2 mg nicotine lozenges from the exemption under Schedule K of the Drugs Rules, 1945, which currently allows certain nicotine replacement therapy (NRT) products to be sold without a drug sale licence. Thus, retailers would need a formal licence to sell nicotine lozenges, according to two officials and documents seen.
The proposal follows recommendations by the Drugs Technical Advisory Board (DTAB) at a meeting held in February. The board also called for a strict ban on sales to minors and closer monitoring of online platforms to prevent easy access.
In India, NRT products including nicotine gums and lozenges are regulated as drugs under the Drugs and Cosmetics Act as they are used to reduce tobacco dependence.
According to the meeting minutes, the board was also informed about recommendations from the Indian Council of Medical Research and the Tobacco Control Division. After deliberation, DTAB recommended amending entry 33 of Schedule K so that the exemption applies only to unflavoured 2 mg nicotine gums, and not to any other NRT products.
The board also recommended that sales to minors be prohibited, online access closely monitored, and post-marketing surveillance be conducted to track adverse effects.
“Further, DTAB recommended that nicotine lozenges 2 mg shall be excluded from Schedule K exemptions,” the document added.
“Under the new plan only unflavoured 2 mg nicotine gums will continue to be exempt from a sale license. All 2 mg nicotine lozenges will now require a formal drug sale license. This move effectively pulls lozenges, which often come in attractive flavours, off general store shelves and places them behind the pharmacy counter,” said one of the officials cited.
Queries sent to the health ministry remained unanswered till press time.",0
Mumbai_Mint_09-03-2026.pdf,/Users/kalyan/Library/CloudStorage/OneDrive-Personal/Kalyan/KK-Python/Kalyan-Jupyter-Notebooks/EPU/data/pdfs/Mumbai_Mint_09-03-2026.pdf,Global Indian talent in focus as Centre eyes chip autonomy,unknown,09/03/2026,"Global Indian talent in focus 
as Centre eyes chip autonomy","India is working towards becoming independent in designing and producing sophisticated microchips under its semiconductor mission, while also attracting Indian professionals with chip-design experience at multinational companies (MNCs), Niti Aayog member Vijay Kumar Saraswat said.
Saraswat said that it is a fact that Indian designers contribute to virtually every chip produced globally. However, their work is primarily for MNCs, and they are often limited to designing subsystems or specific components rather than complete system designs.
“As a result, while India has a large number of designers in this sector, there are very few who can do ab initio design of a complete system. There is an effort being made today that we will build this capability using those designers who have worked for MNCs so that India becomes a fully independent chip designer. That effort is being made under the semiconductor mission,” he said.
Saraswat also said that specific features and the incentive structure under the second phase of the India Semiconductor Mission announced in Union budget 2026 are being worked out.
In the budget for 2026-27, the Centre announced a second tranche of sops under the mission, five years after rolling out the first ₹76,000-crore programme.
India will also strive to explore and produce select critical minerals found domestically, to guard against the risk of supply denial by other countries, Saraswat said.
India’s push to build domestic capabilities in semiconductors and critical minerals, which are vital for IT, clean energy and defence sectors, comes at a time tech is increasingly shaping industrial and military power in a de-globalising world.
Export curbs on certain classes of advanced semiconductors had been a pain point in US-China relations in the past.",0
Mumbai_Mint_09-03-2026.pdf,/Users/kalyan/Library/CloudStorage/OneDrive-Personal/Kalyan/KK-Python/Kalyan-Jupyter-Notebooks/EPU/data/pdfs/Mumbai_Mint_09-03-2026.pdf,"WTO meet to focus on reforms, farm issues",unknown,09/03/2026,"WTO meet
to focus on
reforms,
farm issues","WTO reforms, agriculture-related matters, dispute settlement and the e-commerce moratorium are expected to be discussed by trade ministers of 166 countries during the four-day ministerial meeting of the World Trade Organisation in Yaounde, Cameroon.
Fisheries subsidies, China-led Investment Facilitation for Development (IFD) agreement, e-commerce work programme and moratorium, development and S&DT (special and differential treatment), and level playing field issues are also among the topics that may figure during the 14th ministerial conference of the World Trade Organisation.
The 14th WTO Ministerial Conference (MC14) will take place from 26 to 29 March, in Yaounde, Cameroon.
The ministerial conference is the highest decision-making body of the Geneva-based World Trade Organization (WTO). It meets every two years. The Indian team will be led by commerce and industry minister Piyush Goyal.
The meeting is important as global trade has been disrupted first by sweeping tariffs imposed by the US and now by the West Asia crisis.",0
Mumbai_Mint_09-03-2026.pdf,/Users/kalyan/Library/CloudStorage/OneDrive-Personal/Kalyan/KK-Python/Kalyan-Jupyter-Notebooks/EPU/data/pdfs/Mumbai_Mint_09-03-2026.pdf,NHAI rushes to secure bitumen as Iran war disrupts supplies,unknown,09/03/2026,"NHAI rushes to secure bitumen 
as Iran war disrupts supplies","After oil and fertilizer, a new commodity is feeling the heat of the West Asia conflict: bitumen. With India’s plan to build nearly 10,000 km of highways in FY27 under threat, the National Highways Authority of India (NHAI) is urgently securing bitumen supplies from state-run oil refiners like Indian Oil Corp. Ltd (IOCL), Bharat Petroleum Corp. Ltd (BPCL), and Hindustan Petroleum Corp. Ltd (HPCL).
“Bitumen prices are revised every 15 days, and in discussions with highway builders, NHAI has said it will coordinate with oil marketing companies IOCL, HPCL, and BPCL to ensure that supplies are not impacted,” said one of the people aware of the development.
India’s annual bitumen requirement is nearly 9 million tonnes. Industry estimates suggest bitumen prices range from ₹40,000-60,000 per tonne in India, depending on quality.
The ministry of road transport and highways, through NHAI, started discussions with the industry over bitumen supplies because it is a crucial input and India is dependent on West Asian imports.
Experts said India’s dependence on bitumen imports is significant, and that a prolonged conflict in West Asia could push India to diversify its sources.
“India imported about 35-36% of its bitumen requirement in FY25, with a significant amount coming from the Middle East (West Asia). Out of the 8.3 million tonnes of bitumen used in India last year, 5.3 million tonnes were made domestically, and the rest was imported,” said Prashant Vashisht, senior vice-president and co-group head at ratings agency Icra.
Vashisht said Indian refineries could raise bitumen output, but if the conflict drags on, other import sources such as Singapore or other Southeast Asian nations might be needed.
Other experts said the import dependence could be higher if oil imports are factored in, and that diversifying imports could cover the supply gap but may not reduce prices, which have already begun to increase.",0
Mumbai_Mint_09-03-2026.pdf,/Users/kalyan/Library/CloudStorage/OneDrive-Personal/Kalyan/KK-Python/Kalyan-Jupyter-Notebooks/EPU/data/pdfs/Mumbai_Mint_09-03-2026.pdf,Zepto plans updated IPO filing by April-end,unknown,09/03/2026,"Zepto plans updated
IPO filing by April-end","Quick-commerce operator Zepto Ltd is targeting a late April deadline for filing updated documents for an initial public offering (IPO) with India's market regulator, even as it faces valuation concerns.
Zepto's December 2025 confidential filing is likely to be cleared in another four weeks. Following the clearance, Zepto plans to file its updated draft red herring prospectus with the Securities and Exchange Board of India (Sebi) before the end of April.
An updated prospectus is a public disclosure of the share sale details to investors after confidential filings. These include financial metrics, risk factors, and operational data.
Zepto did not respond to queries.
Zepto’s management has initiated preliminary talks with domestic mutual funds.
Outreach to international institutional investors has not yet commenced. Zepto plans to formally tap global investors only after the updated offer document is filed and the regulatory review process advances.
However, the Aadit Palicha-led company's valuation target for a public share sale has also come under review.
Zepto was valued at $7 billion in its $450 million private capital raise, led by the California Public Employees’ Retirement System, in October 2025.
Current conversations indicate that the IPO valuation can be reduced by 15-20% from that figure. This adjustment establishes a base valuation range of $5.6 billion to $5.95 billion for the public market debut.
In fiscal 2025, Zepto's top line jumped 129% year-on-year to ₹9,669 crore, but net loss widened nearly three times to ₹3,367 crore.
If the share sale goes through, it will mark one of the shortest journeys from launch to listing in India’s consumer internet market.
Founded by Palicha and Kaivalya Vohra in 2021, Zepto has raised large external rounds of funding as it spent aggressively to build its market share against Blinkit and Instamart.",0
Mumbai_Mint_09-03-2026.pdf,/Users/kalyan/Library/CloudStorage/OneDrive-Personal/Kalyan/KK-Python/Kalyan-Jupyter-Notebooks/EPU/data/pdfs/Mumbai_Mint_09-03-2026.pdf,Bertelsmann sees rural India as its big investment frontier,unknown,09/03/2026,"Bertelsmann sees rural India
as its big investment frontier","Venture capital firm Bertelsmann India Investments (BII) is doubling down on startups targeting the rural markets.
“Thesis is clear—the investments we make either have to help villages make money or help them spend money,” Pankaj Makkar, managing director at BII, said.
For the early growth-stage corporate venture fund, there is a distinction between what venture capitalists call ‘Bharat’ and rural India. While the term is often used broadly, it does not fully capture the fundamental issues facing rural India.
“The problem statement in villages isn't to outbid competitors through marketing. It's creating distribution and investing in infrastructure.”
Rural India as a market is largely untapped, driven primarily by a lack of infrastructure and low transaction value.
BII has three investments in the segment: AgroStar, CureBay and Rozana.
Recently, BII doubled down on investment in Rozana, leading its ₹290 crore (around $32 million) Series B round.
Rozana had previously raised $22.5 million in its Series A round led by BII in 2024.
Prior to the Rozana investment, the Indian venture arm of Bertelsmann led AgroStar's $27 million Series C round in 2019 and participated in subsequent funding rounds.
BII also cited businesses-to-business players like Ninjacart, agri-tech platform DeHaat, and grain storage startup Arya.ag.",0
Mumbai_Mint_09-03-2026.pdf,/Users/kalyan/Library/CloudStorage/OneDrive-Personal/Kalyan/KK-Python/Kalyan-Jupyter-Notebooks/EPU/data/pdfs/Mumbai_Mint_09-03-2026.pdf,Middle East turmoil may hit L&T,unknown,09/03/2026,Middle East turmoil may hit L&T,"Larsen & Toubro Ltd’s (L&T) shares have fallen nearly 8% over the past week in reaction to the conflict in the Middle East after Iran faced a joint attack by the US and Israel. The engineering company’s significant exposure to the region in terms of orders and revenues is bad news for its investors. There are worries about deferment or cancellation of new orders and execution delays in ongoing projects amid disruptions to shipping routes.
Over a decade ago, domestic projects had dominated L&T’s business, but the picture is different now. As on 31 December, 49% of its ₹7.33 trillion order book came from international markets, and India contributed the rest. The Middle East accounts for 75.5% of the international order book. For the nine months ended December (9MFY26), the Middle East contributed 33% of the ₹3.45 trillion order inflow and 34% of its ₹2 trillion consolidated revenues.
L&T’s order prospects pipeline for the March quarter (Q4FY26) stands at ₹5.92 trillion, including ₹1.26 trillion for the Hydrocarbon segment.",0
Mumbai_Mint_09-03-2026.pdf,/Users/kalyan/Library/CloudStorage/OneDrive-Personal/Kalyan/KK-Python/Kalyan-Jupyter-Notebooks/EPU/data/pdfs/Mumbai_Mint_09-03-2026.pdf,‘India fits the profile as investors look for stability in a volatile world’,unknown,09/03/2026,‘India fits the profile as investors look for stability in a volatile world’,"At a time when uncertainty often pushes investors to the sidelines, Swati Khemani, founder and chief executive officer of Carnelian Asset Management and Advisors, has been closely engaging with clients amid heightened market volatility.
She believes the next big shift could come from global capital flows. If money exits developed markets, especially as US interest rates ease, some may flow into long-term growth markets like India.
“In a volatile world, investors look for economies that offer stability and growth, and India fits that profile.”

How have your discussions with investors evolved over time—say, from five months ago to now—given the heightened volatility and rapid developments?
Two things have changed. First, client conversations have matured over time. Investors today are far more informed, largely because of social media and easy access to information. Earlier, any geopolitical event could trigger panic—markets would fall sharply, and investors would rush to redeem. Today, that reaction is far less common.
The second change is in investor behaviour. After covid, many believed they could manage money themselves because returns were strong. But the volatility over the last couple of years has reminded people that markets aren’t a one-way journey.

On the US-Iran conflict, do you see it turning into a prolonged episode or something that could ease relatively soon?
As for the US-Iran situation, it’s very hard to predict how long it may last. It could ease eventually, especially given the leadership uncertainty.

Could it impact investor sentiment in India?
The immediate impact on India may not be very significant. For instance, on tariffs last year, it would have been easy to give in, but India held its ground and eventually negotiated a better outcome.
More importantly, India’s structural story remains strong. Corporate earnings, especially from the December quarter, were broadly healthy. Autos are improving, the capex cycle is picking up, and policy steps like GST cuts will start showing benefits over the next three to six months. Any policy move takes time—three, six or even nine months—to reflect in the economy.
Regulatory changes and cleaner systems have also reduced risks.

Do you think capital could start gravitating back toward India now?
If global capital starts moving out of developed markets, especially once US interest rates begin to fall, some of that money could flow into stable, long-term growth markets like India.

At this point, there’s no need to make any significant shifts in portfolios despite these global disturbances.

So in times like these, what are the key factors you usually monitor?
Staying focused on domestically driven businesses and import substitution also serves as a natural hedge against these disruptions.

Do you also have a big exposure to defence stocks?
No, we have a very small exposure to defence.

It fits the bill, right? With the import-substitution and domestic themes.
It absolutely fits the bill. But the challenge has always been that there are very few listed defence players.",1
Mumbai_Mint_09-03-2026.pdf,/Users/kalyan/Library/CloudStorage/OneDrive-Personal/Kalyan/KK-Python/Kalyan-Jupyter-Notebooks/EPU/data/pdfs/Mumbai_Mint_09-03-2026.pdf,"Nearly every third investor is now a woman, small-town India leads",unknown,09/03/2026,"Nearly every third investor is now a woman, small-town India leads","The Indian stock market is morphing from a solo act into a duet as women rapidly expand their footprint in capital markets. According to the latest data from the National Stock Exchange (as of January 31), nearly 25% of individual investors in India is now a woman—a notable increase from 22.5% in FY23.
Financial experts attribute this trend to deeper structural changes in Indian society. “As more women earn and manage their own income, the focus is gradually moving beyond traditional savings avenues toward market-linked investments that offer long-term growth potential,” said Sneha Poddar.
Rajesh Palviya highlighted the role of technology, noting that the rapid digitisation of financial services has lowered entry barriers.
But the growth is not being driven only by traditional financial hubs. Goa currently has the highest female investor participation rate, at 33.2% in the fiscal year so far, followed by Mizoram (32.5%), Chandigarh (32.4%), Sikkim (31.4%) and Delhi (31%).
Even in regions with historically lower participation, such as Bihar and Jammu and Kashmir, the numbers have risen from 13.8% to over 16% between FY23 and FY26.
The next phase of growth will likely depend on confidence, engagement, and the broader investment ecosystem. Many first-time women investors tend to approach markets with a longer-term perspective and a focus on financial stability.
“With the intensification of digital usage and the spread of financial education in smaller cities, women’s engagement with capital markets is expected to speed up and create a more diverse and resilient retail investor base,” said Anupama Sharma.
“Looking ahead, we anticipate that the participation of women investors will continue to accelerate,” Palviya said.",0
Mumbai_Mint_09-03-2026.pdf,/Users/kalyan/Library/CloudStorage/OneDrive-Personal/Kalyan/KK-Python/Kalyan-Jupyter-Notebooks/EPU/data/pdfs/Mumbai_Mint_09-03-2026.pdf,Rising demand may aid Tata Power to restart Mundra unit,unknown,09/03/2026,"Rising demand may aid Tata
Power to restart Mundra unit","Tata Power’s idled 4,000-megawatt Mundra thermal power plant in Gujarat could restart soon, likely before the end of March, managing director and chief executive Praveer Sinha said, even as the company has repeatedly missed its own timelines to bring the plant back into operation.
“Mundra is starting soon, it is just a matter of time,” Sinha said. A supplementary power purchase agreement (SPPA) with Gujarat and other client states should happen “very quickly,” he said.
The ultra mega power project in the coastal town is closed since July 2025 amid disagreements with client states—Gujarat, Rajasthan, Punjab, Maharashtra and Haryana—over the pass through of high cost of Indonesian coal.
Analysts said a combination of rising power demand ahead of summer and the possibility of higher fuel prices due to the war in West Asia could strengthen Tata Power’s negotiating position this time.
Asia spot liquefied natural gas price more than doubled compared to last week and reached the highest level in over three years after a production halt by Qatar triggered a scramble for gas.
Average LNG price for April delivery into north-east Asia was estimated at $22.50 per million British thermal units (mmBtu), the highest since mid-January 2023 and over double the previous week.
“Sustained rise in coal prices, along with uncertainty around LNG supply and elevated summer power demand, can catalyse a resolution at Mundra,” analysts said.
Higher global coal prices could benefit Tata Power via its 30% stake in an Indonesian coal mine. Every $20 increase in the per-tonne price of Indonesian coal could add about 10% to Tata Power’s consolidated earnings.
The shutdown cost the company about ₹1,000 crore in lost profits during the first nine months of FY26.
Whether Tata Power manages to lock in a deal for the Mundra plant will have a significant bearing on its share price.
In an investor call on 4 February, Sinha said it reached an agreement with Gujarat on all the issues of the SPPA barring one, and hoped to resolve it in 2-3 weeks.",0
Mumbai_Mint_09-03-2026.pdf,/Users/kalyan/Library/CloudStorage/OneDrive-Personal/Kalyan/KK-Python/Kalyan-Jupyter-Notebooks/EPU/data/pdfs/Mumbai_Mint_09-03-2026.pdf,‘Bold Care betting on brand buzz over performance ads’,unknown,09/03/2026,"‘Bold Care betting on brand
buzz over performance ads’","Sexual wellness brand Bold Care first went viral in 2024 with a saas-bahu style soap opera ad starring actor (and investor) Ranveer Singh and adult entertainment star Johnny Sins. Since then, it rolled out campaigns featuring celebrities and influencers known for speaking their mind—sometimes courting controversy.
In an interview, co-founder and chief executive Rajat Jadhav said the aim is to reduce long-term dependence on expensive performance marketing and focus more on brand awareness.

Your Johnny Sins ad broke the internet. How are you recreating that reach?
We have been doing a number of campaigns with Samay for the last year or so. We did a simple one where we filled Samay’s car with condoms. That simple creative alone got us 55 million impressions and over 1.5 million likes.

That seems like a shift from how D2C brands market?
We are no longer focused on performance marketing. We don’t want to do these cookiecutter campaigns with a standard CTA and a set format.

But performance marketing is measurable. Isn’t it harder to track returns on investment in brand campaigns?
We have one of the best RoAS for any D2C brand out there. We have been working to achieve profitability. Our organic revenues are very high, and our retention and conversion rates are the best in the category.

How do you balance using Ranveer Singh with other celebrities in your ads?
We have to create a pyramid where we are not just leaning on Ranveer Singh only. We lean on our good work with Anurag Kashyap and Samay Raina. We discuss our marketing campaign ideas with Ranveer and Samay as well.

In the last 30-plus quarters, we saw steady growth, and we are spending significantly less on marketing.",0
Mumbai_Mint_09-03-2026.pdf,/Users/kalyan/Library/CloudStorage/OneDrive-Personal/Kalyan/KK-Python/Kalyan-Jupyter-Notebooks/EPU/data/pdfs/Mumbai_Mint_09-03-2026.pdf,"AI enters hotel lounges, but humans are staying",unknown,09/03/2026,"AI enters hotel lounges,
but humans are staying","A small robot gliding down a hotel corridor with a tray of amenities may soon become a familiar sight. At properties run by Roseate Hotels & Resorts in Delhi, service robots are already delivering guest requests, helping staff manage routine tasks during busy hours.
Behind the scenes, artificial intelligence (AI) is also analysing incoming calls to identify potential revenue opportunities, track guest preferences and flag complaints.
The next time you step into a hotel, don’t expect a robot to greet you at the door. A staff member will still open the door, and a chef will still cook your dal bukhara, but in the background, AI is already deciding how cool your room should be, how quickly you check in, and even the hotel charges for the night.
Large chains like Radisson Hotel Group and Wyndham Hotels & Resorts are now using data-driven systems for demand forecasting and dynamic pricing, while BWH Hotels is deploying technology across digital platforms to strengthen revenue management and monitor operations.
At Radisson Hotel Group, AI is being piloted across select properties with measurable outcomes. “We are able to optimize costs by around 18-25%,” said Nikhil Sharma.
The chain is deploying AI-driven virtual assistants that allow guests to access 24/7 support through QR-enabled chatbots. Smart room technologies and digital self-service tools speed up check-in and check-out, while giving guests greater control over their rooms.
Romesh Koul estimates that cost savings could start at 3-4% and expand to 15-20% as AI systems scale.
Adoption so far remains gradual and largely focused on backend systems such as energy optimisation, predictive maintenance, smart sensors and revenue management.
Immediate applications of AI tools are already visible in energy management, chillers, occupancy-linked cooling systems and weather-control sensors. Hotels are also experimenting with AI to manage peak-time check-ins.
Roseate Hotels said it is looking at saving anywhere between 12% and 14% from these new ways.",0
Mumbai_Mint_09-03-2026.pdf,/Users/kalyan/Library/CloudStorage/OneDrive-Personal/Kalyan/KK-Python/Kalyan-Jupyter-Notebooks/EPU/data/pdfs/Mumbai_Mint_09-03-2026.pdf,Fee overhaul to reshape India’s mutual fund industry,unknown,09/03/2026,Fee overhaul to reshape India’s mutual fund industry,"With GST moving outside BER, compliance under the indirect tax regime will increase. Small distributors not registered for GST will be forced to partner with platforms that can help fulfil compliance requirements.
The move marks a fundamental change for the industry as about 90% of the distributors, who contribute about 40-50% of the mutual fund industry’s assets under management (AUM) worth ₹81 trillion, are likely to be non-GST compliant.
There were about 178,000 mutual fund distributors in India as of fiscal 2025. The top three distributors by commissions and expenses paid were NJ India Invest, State Bank of India and HDFC Bank.
“A majority of the industry is not GST registered as of now,” said a distributor. “There is a very long tail of distributors who do very few transactions in a year.”
A small distributor who works with multiple AMCs will have to file multiple GST returns. Platforms can help them as they may not have the operational capacity or capital to do the same.
A process note outlines how the transition will work. Asset management companies will provide revised brokerage structures marked “exclusive of GST” starting 1 April.
Commissions will be calculated on these base rates. The GST portion will be released separately once distributors registered under GST file their returns and submit proof through the RTA system, while those who are not registered will receive only the base payout.
Those who are not registered will receive only the base payout, creating an effective gap in earnings compared with GST-compliant distributors.
Mutual fund distributors attract an 18% GST. Small distributors with an annual turnover of up to ₹50 lakh can opt for the GST composition scheme.
Distributors with an annual turnover below ₹20 lakh are not required to register for GST and do not charge the levy.",0
Mumbai_Mint_09-03-2026.pdf,/Users/kalyan/Library/CloudStorage/OneDrive-Personal/Kalyan/KK-Python/Kalyan-Jupyter-Notebooks/EPU/data/pdfs/Mumbai_Mint_09-03-2026.pdf,Oil market chaos set to deepen as more Gulf giants cut output,unknown,09/03/2026,Oil market chaos set to deepen as more Gulf giants cut output,"The chaos that has gripped the oil market looks set to deepen in the coming days, with more production being shut off as the war in Iran keeps the Strait of Hormuz closed to tankers, and the US considers widening its range of targets in the country.
The United Arab Emirates and Kuwait have started reducing oil production as storage runs down, joining Iraq. Others may be forced to follow as oil tankers continue avoiding the narrow waterway, rapidly reducing the number of empty ones available for loading. Once all the tankers are loaded, the region’s remaining on-land storage will fill even quicker.
The upheaval, now in its ninth day, shows no sign of imminent resolution, meaning a strip of water that normally handles a fifth of the world’s oil is impassable for commercial ships. About a third of the region’s production can theoretically bypass Hormuz, with Saudi Arabia already diverting huge amounts of crude to its Red Sea coast for export.
Iran has vowed not to back down in the face of US and Israeli strikes that began on Feb. 28. US President Donald Trump responded on Saturday by saying the US would now consider targeting areas and groups of people in Iran that were not previously aimed for.
For oil analysts, executives and traders, that has meant ever-louder warnings that the war is bringing crude to a tipping point, and closer to the psychological $100-a-barrel threshold. Brent already climbed 30% last week—its biggest jump in six years, putting it just dollars from that mark.
Futures tied to Abu Dhabi’s flagship Murban crude closed at $103 a barrel on Friday, while Oman crude futures were at $107. Chinese crude oil futures ended, in US dollar terms, at $109.",0
Mumbai_Mint_09-03-2026.pdf,/Users/kalyan/Library/CloudStorage/OneDrive-Personal/Kalyan/KK-Python/Kalyan-Jupyter-Notebooks/EPU/data/pdfs/Mumbai_Mint_09-03-2026.pdf,"AC prices up 5-15% as input costs rise, rupee weakens",unknown,09/03/2026,"AC prices
up 5-15% as
input costs
rise, rupee
weakens","As the mercury starts rising, leading room air-conditioner makers are increasing prices in the range of 5-15% to offset sustained increases in raw material costs and supply chain expenses.
The hikes, being rolled out between February and April, come just ahead of the peak summer season when demand typically surges.
Leading players, including Daikin, Voltas, Blue Star, LG, Haier, and Mitsubishi Heavy Industries, have announced increases across models, passing on higher input costs for key raw materials like copper, a weak rupee, new energy-efficiency norms and increase in freight costs.
Industry executives said while adjustments are unavoidable, they expect strong sales momentum this year, aided by forecasts of a hotter summer and improved energy savings from new star-rated models.
Daikin India is going to increase prices by up to 12% from April.
“The new energy regulations have come, which have made products more efficient. Also, prices of materials such as copper have gone up; the US dollar is at an all-time high (in comparison to the Indian rupee),” Daikin’s chairman and managing director said.
“Besides, there are a lot of uncertainties due to global turmoil, and freight costs have also gone up, making imports (of components) costlier. So, there is no alternative.”
Blue Star said it has already taken a price increase of 8-10% in the middle of February.
Room AC sales are expected to grow strongly in 2026, with the industry seeing at least a 15% growth.",0
Mumbai_Mint_09-03-2026.pdf,/Users/kalyan/Library/CloudStorage/OneDrive-Personal/Kalyan/KK-Python/Kalyan-Jupyter-Notebooks/EPU/data/pdfs/Mumbai_Mint_09-03-2026.pdf,"Arnya, Supreme raise ₹1,030 cr for fund",unknown,09/03/2026,"Arnya, Supreme raise ₹1,030 cr for fund","Investment manager Arnya Real Estates Fund Advisors and developer Supreme Universal have raised ₹1,030 crore for Arnya Real Estate Fund—Equity, from domestic and offshore investors, including family offices and ultra-rich individuals, marking the first close for the equity platform.
The capital raised also includes ₹220 crore of equity committed by the two sponsors. Arnya Real Estates will manage the fund, while Mumbai-based Supreme Universal will develop the projects.
The platform was announced in November and will develop housing projects in Mumbai and Pune. The total target corpus of the fund is ₹1,250 crore.
The fund will focus on developing society redevelopment projects in Mumbai, which has seen a huge spurt in activity in recent years. The platform is expected to have around seven to eight projects, with an investment of ₹80-200 crore each.
“Equity investments in residential real estate are hardly happening. Yet, the requirement for capital is huge because developers are expanding,” said Arnya’s founder and CEO.
The fund is evaluating the first two transactions, both Mumbai redevelopment projects.
Supreme Universal said institutional partnerships bring discipline and transparency into redevelopment projects.",0
Mumbai_Mint_09-03-2026.pdf,/Users/kalyan/Library/CloudStorage/OneDrive-Personal/Kalyan/KK-Python/Kalyan-Jupyter-Notebooks/EPU/data/pdfs/Mumbai_Mint_09-03-2026.pdf,OpenAI’s robotics head resigns over company’s Pentagon deal,unknown,09/03/2026,"OpenAI’s robotics head resigns
over company’s Pentagon deal","The head of OpenAI’s robotics team resigned Saturday, citing the company’s deal to deploy its artificial intelligence (AI) models within the Pentagon’s classified network as the cause.
“This wasn’t an easy call,” Caitlin Kalinowski wrote. “AI has an important role in national security. But surveillance of Americans without judicial oversight and lethal autonomy without human authorization are lines that deserved more deliberation than they got.”
OpenAI confirmed Kalinowski’s departure and said it believes the agreement with the Defense Department “creates a workable path for responsible national security uses of AI while making clear our red lines, no domestic surveillance and no autonomous weapons.”
OpenAI struck its deal with the Pentagon in late February following the breakdown of talks between the Trump administration and Anthropic PBC, which pressed for assurances that its technology wouldn’t be used for mass surveillance of Americans or for fully autonomous weapons.
President Donald Trump ordered all government departments to stop working with Anthropic, and the Pentagon declared the company and its products a supply-chain risk.
OpenAI chief executive officer Sam Altman said earlier this month that the company’s rush to reach a deal with the Defense Department looked “opportunistic and sloppy.” OpenAI also publicly disagreed with the blacklisting of Anthropic.",0
Mumbai_Mint_09-03-2026.pdf,/Users/kalyan/Library/CloudStorage/OneDrive-Personal/Kalyan/KK-Python/Kalyan-Jupyter-Notebooks/EPU/data/pdfs/Mumbai_Mint_09-03-2026.pdf,Cos see food delivery regain growth momentum,unknown,09/03/2026,"Cos see food
delivery
regain
growth
momentum","India’s top three food delivery players—Swiggy, magicpin and Zomato—regained growth momentum in October-December after a period of slower expansion, on strong order volumes led by festive demand, affordability-focused offerings and expanding user bases.
With continued investments in marketing, product innovation, and value-led propositions, industry executives said the sector expects the momentum in order growth to sustain in the coming quarters.
“It has been a phenomenal October-November-December quarter for us, marked by strong growth and sharper execution across markets. Our unit economics at an order level have improved by over 60%,” magicpin founder and CEO said.
Swiggy said its gross order value grew 20.5% on-year to ₹8,959 crore, marking the fastest growth in the last three years.
Zomato’s food delivery business also reported improving growth trends during the quarter, posting 16.6% year-on-year net order value growth at ₹9,846 crore in the December quarter translating into 21.3% growth in gross order value.",0
Mumbai_Mint_09-03-2026.pdf,/Users/kalyan/Library/CloudStorage/OneDrive-Personal/Kalyan/KK-Python/Kalyan-Jupyter-Notebooks/EPU/data/pdfs/Mumbai_Mint_09-03-2026.pdf,Can Lloyds replicate its India success in Congo?,unknown,09/03/2026,"Can Lloyds replicate its
India success in Congo?","After setting up mining operations in a Maoist conflict-prone region in India, Lloyds Metals and Energy Ltd is betting it can replicate that success in the volatile Katanga region of the Democratic Republic of the Congo.
The mining company is targeting copper production in a region long considered both resource-rich and operationally challenging, where regulatory uncertainty, weak infrastructure and political risks have complicated operations for global miners.
Managing director Rajesh Gupta said the Congo bet mirrors the company’s early days in Maharashtra’s Gadchiroli.
The move comes as copper demand is expected to surge globally amid electrification, renewable energy and grid expansion, even as supply remains constrained.
Global benchmark copper prices are currently at $11,000-12,000 per tonne, jumping a little over 30% over the last one year.
Analysts said drawing a parallel between operating a mine in Gadchiroli and in Congo is not entirely fair, and that execution risks in foreign jurisdictions, especially parts of Africa, are far higher.
They pointed to examples of Indian companies that struggled to scale overseas mining projects.
Multiple mining companies have faced operational and commercial challenges in Congo.
“China Molybdenum temporarily halted exports from its Tenke Fungurume copper-cobalt mine after disputes over export licences and taxation with state authorities, illustrating how regulatory uncertainty can interrupt production and contracts,” an analyst said.
Congo holds about 8% of global copper reserves and is the world’s second-largest producer, accounting for 14% of global output.",0
Mumbai_Mint_09-03-2026.pdf,/Users/kalyan/Library/CloudStorage/OneDrive-Personal/Kalyan/KK-Python/Kalyan-Jupyter-Notebooks/EPU/data/pdfs/Mumbai_Mint_09-03-2026.pdf,Why Reliance is betting on legacy regional FMCG brands,unknown,09/03/2026,"Why Reliance is betting on
legacy regional FMCG brands","While many consumer goods companies are acquiring direct-to-consumer (D2C) startups, Reliance Consumer Products Ltd (RCPL) is pursuing a different playbook.
The consumer arm of Mukesh Ambani’s Reliance Industries has been steadily buying regional legacy brands with strong local recall.
By plugging these brands into Reliance’s vast retail and distribution ecosystem, the firm hopes to accelerate its ambition of becoming an FMCG powerhouse.
During the December quarter, RCPL’s overall gross revenue stood at ₹5,065 crore, up 60% year-on-year.
Over the past few years, RCPL has assembled a portfolio of brands across staples, beverages and personal care.
One of its latest additions is Chennai-based Southern Health Foods Pvt. Ltd, which sells millet-based foods, health mixes and baby nutrition products under the Manna brand.
Earlier, RCPL bought a majority stake in Udhaiyam Agro Foods Pvt. Ltd, a Tamil Nadu-based staples brand known for pulses, flours, spices and ready-to-cook mixes.
Reliance has also acquired Delhi-based SIL, a legacy condiments maker, as well as Velvette, a historic personal care label.
Regional brands that partner with or are acquired by Reliance gain access to scale that is often difficult to achieve independently.
For RCPL, acquiring regional brands offers a faster and potentially less risky way to expand in India’s vast FMCG market and build a diverse portfolio across staples, beverages and personal care.
Most traditional FMCG companies are instead acquiring or investing in digital-first D2C brands.",0
Mumbai_Mint_09-03-2026.pdf,/Users/kalyan/Library/CloudStorage/OneDrive-Personal/Kalyan/KK-Python/Kalyan-Jupyter-Notebooks/EPU/data/pdfs/Mumbai_Mint_09-03-2026.pdf,Contracts bring clause for promoting films as part of release strategy,unknown,09/03/2026,Contracts bring clause for promoting films as part of release strategy,"As theatrical films compete with OTT (over-the-top) content and other entertainment options for audience attention, promotional campaigns have become a central part of a film’s release strategy, often with actors contractually required to participate.
A recent dispute in the Malayalam film industry has brought that shift into focus. The Kerala Film Producers’ Association (KFPA) has asked actor Biju Menon to pay a compensation of about ₹15 lakh to cover the alleged loss incurred by the producer of his movie Nadanna Sambhavam, after the actor allegedly failed to appear for promotions as required under his contract.
The producer has said that the contract required lead actors to dedicate 10 days to promotion, but Menon only appeared for a few hours.
Industry executives estimate that 20-30% of a film’s marketing budget goes into promotional events.
From a legal standpoint, a film project is typically governed by a contract that includes express terms regarding promotional duties. If an actor signs such a contract and then fails to honour it, the producer can claim contractual breach and seek remedies—most commonly damages proportionate to the quantifiable loss the producer alleges to have suffered.
Industry experts say such disputes highlight how marketing has become deeply embedded in the economics of filmmaking, and promotional duties are increasingly written into actor contracts alongside performance obligations.",0
Mumbai_Mint_09-03-2026.pdf,/Users/kalyan/Library/CloudStorage/OneDrive-Personal/Kalyan/KK-Python/Kalyan-Jupyter-Notebooks/EPU/data/pdfs/Mumbai_Mint_09-03-2026.pdf,Aramco shares surge most since 2023,unknown,09/03/2026,"Aramco
shares
surge most
since 2023","Saudi Aramco jumped the most since May 2023 on Sunday as the Iran war entered its second week, prompting supply disruptions that may send oil prices higher when global markets reopen.
Shares of the state-backed oil giant climbed as much as 4.9% intraday in Riyadh, on the first day of trading for the stock since Brent crude prices topped $90 a barrel on Friday.
Brent may climb further in the days ahead after the United Arab Emirates and Kuwait started reducing oil production amid a near-closure of the vital Strait of Hormuz waterway, adding to interruptions affecting worldwide energy supply and exports.
“For Aramco, we believe that the gain in oil prices would offset a decline in exports,” an analyst said. “We also believe that Aramco should be able to re-route a bulk of its shipments to the Red Sea.”
Last week, the state oil producer raised the price of its main oil grade for buyers in Asia for April by the most since August 2022 amid turmoil.
While Aramco has been redirecting oil cargoes to Red Sea facilities at Yanbu to avoid the chokepoint, Goldman Sachs cautioned that the firm’s capacity to do so may be limited.
The world’s largest oil producer saw more of its fields under attack over the weekend.",0
Mumbai_Mint_09-03-2026.pdf,/Users/kalyan/Library/CloudStorage/OneDrive-Personal/Kalyan/KK-Python/Kalyan-Jupyter-Notebooks/EPU/data/pdfs/Mumbai_Mint_09-03-2026.pdf,How the OpenAI-Anthropic feud could warp the future of AI,unknown,09/03/2026,"How the OpenAI￾Anthropic feud could
warp the future of AI","The last time Sam Altman and Dario Amodei stood on stage together, they awkwardly tried to avoid physical contact even as other tech leaders held hands aloft for a group photo with India’s prime minister.
They looked like pouting kids on the playground—not the CEOs of OpenAI and Anthropic, two of the hottest names in the AI scene. To many, the odd exchange was the physical manifestation of the growing rivalry between the companies. Both have been eyeing going public this year and, in doing so, are fighting each other for users, talent and investor dollars.
Things have only grown more heated as the men and their companies have tried to claim the moral high ground in conflicting dealings with the Pentagon.
American business and Silicon Valley are littered with classic beefs fueled by ambition, greed and jealousy. Arguably such rivalries can be good for consumers in the long run. But the OpenAI-Anthropic feud carries a unique risk with the fate of still-nascent AI technology resting in just a few powerful hands.
The toxic turn between OpenAI and Anthropic fuels distrust and threatens to further rupture consensus around still-evolving safety practices. It will color public debate around how the technology should be used and influenced.
Heightened tensions exploded into view in recent days as each company tried to navigate its own relationship with the Pentagon and its demands for control over AI.
Anthropic was famously born in 2021 out of safety concerns that Amodei—then OpenAI’s vice president of research—had about his employer’s approach to AI.
Whereas Altman can be seen as a wheeler-dealer racing to cut big deals to grow fast, Amodei staked out a comparably measured position.
Not surprisingly, the two have been on opposite sides of policy debates around regulation. In California, Anthropic backed a first-of-its-kind law aimed at providing guardrails.
As this year began and it became clear both companies were thinking about IPOs, Amodei started taking veiled shots at OpenAI.
In early February, Anthropic launched a marketing campaign, including Super Bowl commercials, which took aim at OpenAI’s plans to bring ads to its chatbot.
Altman responded that the ads were dishonest.
By month’s end, the stakes grew bigger when Amodei rejected Pentagon efforts to get Anthropic to throw out its red lines on using its technology for mass domestic surveillance and fully autonomous weapons.
The principled stand threw Anthropic’s business into jeopardy. The federal government banned its use and Defense Secretary Pete Hegseth labeled the company a supply-chain risk.
Then Altman swooped in to cut his own deal with the Pentagon.
Following the blowup, Amodei told CBS News that Congress should weigh in on how AI could be used for mass surveillance.
Similarly, Altman said elected officials should determine how AI is used in national defense.
Still, it’s hard to imagine the two lobbying hand in hand soon.",0
Mumbai_Mint_09-03-2026.pdf,/Users/kalyan/Library/CloudStorage/OneDrive-Personal/Kalyan/KK-Python/Kalyan-Jupyter-Notebooks/EPU/data/pdfs/Mumbai_Mint_09-03-2026.pdf,Iran’s historic capital is Ground Zero for the U.S.-Israeli air war,unknown,09/03/2026,Iran’s historic capital is Ground Zero for the U.S.-Israeli air war,"The U.S.-Israeli air war on Iran is leaving a trail of destruction across the capital of Tehran, spreading a sense of dread and paranoia across a 1,000-year-old city that has seen war before but never anything like this.
The first missiles fired in the war on Feb. 28 exploded in the center of Tehran and have rarely let up. Over eight days of conflict, over a third of at least 705 locations struck across Iran were located in Tehran.
The U.S.-Israeli focus on the sprawling capital is part of a decapitation strategy that began with the munitions that killed Supreme Leader Ayatollah Ali Khamenei and other senior leaders. It has continued with the destruction of hundreds of sites connected to Iran’s military and security institutions, which are run from Tehran.
But the campaign has also hit fuel tanks, cultural heritage sites, sports stadiums and tourist attractions. Golestan Palace, the former royal residence dating back to the 16th century and a World Heritage site, was damaged when airstrike shock waves shattered glass and caused debris to fall.
Late Saturday, strikes set fire on oil storage tanks at a refinery in the south of the capital, the first time energy infrastructure was hit.
The airstrikes have hit dozens of local units of the Islamic Revolutionary Guard Corps and its volunteer militia, the Basij, an attempt to tear down the regime’s repression apparatus.
More than 1,200 civilian Iranians have been killed in the conflict, more than twice the number in the 12-day war with Israel last summer.
Tehran residents said the city was functioning but thinned out after a mass exodus of people who had the means to leave.
Residents described a tense, surreal atmosphere. Missiles regularly streak across the sky. Explosions have become part of everyday life, rocking their homes.
Tehranis have taken to gathering on rooftops to watch airstrikes through the night, sharing food and drinks and filming explosions.
“It’s like an absurd picnic,” one woman said.
The regime’s security forces are still out in force on the capital’s streets, often in plain clothes, masked, and blending in with civilians.
The Basij has set up checkpoints where armed men search vehicles for satellite dishes, weapons and anything else suspicious.
Iran’s police chief ordered forces to shoot looters on sight, according to a text message.
Tehran has never experienced such an intense bombing campaign in such a short period. In the 1980s, Iraqi dictator Saddam Hussein bombed Iranian cities with jet fighters and missiles, killing hundreds over months.
By contrast, the Israeli military, backed by a formidable U.S. arsenal, struck hundreds of military targets on the first day of the current conflict.
Airstrikes have hit the heart of civilian life, inflicting damage on hospitals, schools and residential buildings.",0
Mumbai_Mint_09-03-2026.pdf,/Users/kalyan/Library/CloudStorage/OneDrive-Personal/Kalyan/KK-Python/Kalyan-Jupyter-Notebooks/EPU/data/pdfs/Mumbai_Mint_09-03-2026.pdf,Iran is hitting the radars that underpin U.S. missile defenses,unknown,09/03/2026,"Iran is hitting the radars that 
underpin U.S. missile defenses","Iran is targeting the radar systems that serve as the eyes of the air defenses in the Middle East, hitting several in recent days and degrading the ability of the U.S. and its allies to track incoming missiles.
Iranian strikes have hit radar, communications and air defense systems in Qatar, the U.A.E., Jordan, Bahrain, Kuwait and Saudi Arabia.
The strikes are often carried out by Iran’s one-way attack drones, such as Shaheds, which are a fraction of the cost of the missiles that sophisticated U.S. systems were designed to defend against.
A spokesman for U.S. Central Command said the military remained at full combat capability despite the hits.
The U.S. says it is degrading Iran’s ability to launch attacks by the day.
The U.S. and its partners use a network of Thaads, Patriots and other systems to shoot down missiles, drones and rockets.
Those batteries depend on radar to detect incoming threats, and those systems are often rare and expensive.
One of the most significant strikes hit a sophisticated early-warning radar system at Qatar’s Al-Udeid, damaging the AN/FPS-132 radar.
The U.S. has deployed key radar systems in strategic locations around the world to protect against threats from Iran, North Korea, Russia and other adversaries.
The U.S. Army has only seven operational Thaad batteries in total. Of five rotating Thaads, two are currently in the Middle East—in Israel and Jordan.
Saudi Arabia and the U.A.E. have also purchased Thaad systems.
In many attacks, Iran has used one-way attack drones that explode on impact. Flying low and slow, the drones are difficult to defend against for some traditional air defenses.
Iran is firing fewer missiles than in its initial wave of attacks, but its drone attacks have continued at a steady pace.
Both sides have limitations on their stockpiles of munitions.
Iran is believed to have the capacity to produce thousands of drones, which it has also exported to Russia.
“The problem of complex and integrated air and missile attack is here,” an analyst said. “You have to have defense for your defenses.”",0
Mumbai_Mint_09-03-2026.pdf,/Users/kalyan/Library/CloudStorage/OneDrive-Personal/Kalyan/KK-Python/Kalyan-Jupyter-Notebooks/EPU/data/pdfs/Mumbai_Mint_09-03-2026.pdf,Aluminium records biggest weekly gain,unknown,09/03/2026,"Aluminium records
biggest weekly gain","Aluminium recorded its biggest weekly gain since 2023 after the deepening conflict in West Asia snarled shipments from the region and left traders bracing for more disruptions.
Prices on the London Metal Exchange climbed more than 4% on Friday, extending this week’s advance to about 9.7%. Earlier in the week, the benchmark contract spiked to levels last seen in 2022.
Now in the seventh day, the US-Israeli attacks on Iran—and Tehran’s response—have sent shock waves through the global aluminium industry.
Metal flows through the strategic Strait of Hormuz are effectively halted, and smelters in the Persian Gulf region have reported disruptions to deliveries and production this week.
The US Midwest premium rose to a fresh high of $1.075 a pound. European premiums also surged.
The Chinese aluminium industry is considering how to respond to prolonged disruptions. China has potential to plug emerging supply gaps, especially if global output of semi-fabricated aluminium gets hit.",0
Mumbai_Mint_09-03-2026.pdf,/Users/kalyan/Library/CloudStorage/OneDrive-Personal/Kalyan/KK-Python/Kalyan-Jupyter-Notebooks/EPU/data/pdfs/Mumbai_Mint_09-03-2026.pdf,West Asia tensions to hit steel markets,unknown,09/03/2026,"West Asia tensions
to hit steel markets","The global steel industry, including India, is expected to face multiple market-related issues in the coming days as the escalating crisis in the Middle East impacts fuels cost that has lead to increased freight rates.
Military tensions in the region are increasing as Iran, and the US, along with Israel, continue to attack each other.
Crude oil, LNG, and freight costs are rising simultaneously, transmitting cost pressure directly into steel and steel-related commodity markets.
From an average of $70 a barrel before the war, crude oil prices have risen to about $90 per barrel, and the cost is expected to continue to rise in the coming days.
War has also impacted freight cost, which jumped almost 40% in recent times.",0
Mumbai_Mint_09-03-2026.pdf,/Users/kalyan/Library/CloudStorage/OneDrive-Personal/Kalyan/KK-Python/Kalyan-Jupyter-Notebooks/EPU/data/pdfs/Mumbai_Mint_09-03-2026.pdf,Jaquar eyes scaling lighting biz revenue,unknown,09/03/2026,"Jaquar eyes scaling
lighting biz revenue","Bathroom and lighting solutions provider Jaquar Group is targeting to scale its lighting business revenue to ₹1,700 crore in the next three years.
The company has a portfolio that includes LED, commercial, outdoor, architectural and facade lighting, besides consumer lighting such as bulbs and tube lights.
“Over the next three years, we aim to scale the lighting business to ₹1,600 crore to ₹1,700 crore in revenue,” Jaquar Group’s director for lighting said.
Jaquar Lighting contributes 8-10% to Jaquar Group’s overall revenue.",0
Mumbai_Mint_09-03-2026.pdf,/Users/kalyan/Library/CloudStorage/OneDrive-Personal/Kalyan/KK-Python/Kalyan-Jupyter-Notebooks/EPU/data/pdfs/Mumbai_Mint_09-03-2026.pdf,Euler calls to ease auto PLI norms,unknown,09/03/2026,"Euler calls to ease
auto PLI norms","There is a need to relax criteria for India’s PLI scheme for automobiles to enable electric vehicle startups to benefit and contribute to the country’s green mobility journey.
Eligibility criteria under the auto PLI scheme says that an OEM must have a minimum global group revenue of ₹10,000 crore and invest in fixed assets worth ₹3,000 crore.
The high ceiling for revenue and investments outlined in the scheme has meant that a company such as Euler Motors has not been able to participate.
Euler Motors has both electric four-wheeler and three-wheeler commercial cargo vehicles, which are covered under the PLI scheme.",0
Mumbai_Mint_09-03-2026.pdf,/Users/kalyan/Library/CloudStorage/OneDrive-Personal/Kalyan/KK-Python/Kalyan-Jupyter-Notebooks/EPU/data/pdfs/Mumbai_Mint_09-03-2026.pdf,‘Prolonged war may hit fertilizers’,unknown,09/03/2026,"‘Prolonged war
may hit fertilizers’","India currently has sufficient availability of fertilizers, but prolonged conflict in West Asia could pose problems.
Fertilisers and Chemicals Travancore Limited (FACT), the largest supplier to South Indian states, relies on raw materials such as rock phosphate and phosphoric acid exported from several countries in West Asia and the Middle East, and they are brought via the sea route.
The prolonged conflict could cause significant damage to the global economy.
Currently, there is no harvest season in India; it will begin after July.",0
Mumbai_Mint_09-03-2026.pdf,/Users/kalyan/Library/CloudStorage/OneDrive-Personal/Kalyan/KK-Python/Kalyan-Jupyter-Notebooks/EPU/data/pdfs/Mumbai_Mint_09-03-2026.pdf,Nari Shakti driving India’s progress: Modi,unknown,09/03/2026,Nari Shakti driving India’s progress: Modi,"Prime Minister Narendra Modi conveyed greetings to all women on the occasion of International Women’s Day, and said the achievements of India’s ‘Nari Shakti’ are a source of pride.
He said empowerment of women is at the core of his government’s various schemes and initiatives and it remains committed to creating opportunities that enable every woman to realise her full potential.
“Across every field, women are shaping India’s progress with determination, creativity and unmatched zeal,” he said.
Modi said as India progresses further, the aspirations and contributions of women will continue to guide the country’s collective journey towards a strong and prosperous nation.",0
Mumbai_Mint_09-03-2026.pdf,/Users/kalyan/Library/CloudStorage/OneDrive-Personal/Kalyan/KK-Python/Kalyan-Jupyter-Notebooks/EPU/data/pdfs/Mumbai_Mint_09-03-2026.pdf,Nitish Kumar’s son Nishant joins JD(U),unknown,09/03/2026,"Nitish Kumar’s son
Nishant joins JD(U)","Bihar Chief Minister Nitish Kumar’s son Nishant Kumar joined the JD(U) and said he would work to strengthen the party’s organisation.
Nishant, an engineering graduate who is in his 40s, was inducted into the party at the party headquarters in the presence of top leaders.
After joining the party, Nishant said, “My father decided to go to the Rajya Sabha. It was his personal decision. We all respect it. We will keep working under his guidance. I will work to strengthen the organisation.”",0
Mumbai_Mint_09-03-2026.pdf,/Users/kalyan/Library/CloudStorage/OneDrive-Personal/Kalyan/KK-Python/Kalyan-Jupyter-Notebooks/EPU/data/pdfs/Mumbai_Mint_09-03-2026.pdf,Iraq oil output plunges about 60%,unknown,09/03/2026,"Iraq oil output
plunges about 60%","Iraq’s oil production has collapsed by about 60% as the Iran war means there aren’t enough tankers to load the nation’s crude.
The country is now pumping about 1.7 million to 1.8 million barrels of oil every day, down from about 4.3 million a day before the conflict began.
Iraq was the first major gulf producing country to have to cut output because of the conflict, a step that has since been followed by the UAE and Kuwait.
The war has effectively closed the Strait of Hormuz, meaning an ever-dwindling number of tankers to export the region’s barrels.",0
Mumbai_Mint_09-03-2026.pdf,/Users/kalyan/Library/CloudStorage/OneDrive-Personal/Kalyan/KK-Python/Kalyan-Jupyter-Notebooks/EPU/data/pdfs/Mumbai_Mint_09-03-2026.pdf,Nepal’s rapper-led centrist party set for landslide win,unknown,09/03/2026,"Nepal’s rapper-led
centrist party set
for landslide win","Nepal’s centrist RSP party of rapper-turned-politician Balendra Shah had secured a majority in the direct parliamentary elections, partial official results showed, and was heading for a landslide according to trends.
The 35-year-old’s Rastriya Swatantra Party (RSP) was also leading in the proportional representation vote.
The vote was the first since deadly September 2025 youth anti-corruption protests toppled the government.
Shah had defeated the veteran four-time prime minister K.P. Sharma Oli in his own seat.
Elections chose a new 275-member House of Representatives, with 185 seats chosen directly, and 110 by proportional representation.
Poll monitors said voting had been peaceful and orderly.
On Sunday afternoon, 153 of the direct election results had been declared: RSP leading with 117, Nepali Congress 17, and the Marxists trailing with seven.
The September 2025 youth-led demonstrations began over a brief social media ban but quickly tapped into broader grievances over corruption and a struggling economy.",0
