Identifier,Response,Web Search Sources,Time Taken,Input Tokens,Reasoning Tokens,Output Tokens,Reasoning Effort,Error Log,Response IDs,Successful,Cost,Batch,Pair,IdA,IdB
ec8e1b5b,"['{\n  ""conservatism"": ""circle"",\n  ""populism"": ""square""\n}']",,8.92232894897461,5792,448,506,,[],['resp_0cafe8726d99efcc0069a81a28f5308194981b571ce916ebe5'],True,0.003356,0,0,3002cd89,c6e1ffce
25049cf8,"['{\n  ""conservatism"": ""circle"",\n  ""populism"": ""circle""\n}']",,10.669816017150879,3359,512,552,,[],['resp_0d72ec07975af7a90069a81a2911708197b53d3ebc29836b5e'],True,0.00296775,0,3,3002cd89,aad77c96
bc30c2b4,"['{\n  ""conservatism"": ""circle"",\n  ""populism"": ""square""\n}']",,13.486124753952026,5469,640,713,,[],['resp_0cc5943053eb57450069a81a290fbc8199a4ae560032b82ada'],True,0.0040732500000000005,0,1,aad77c96,c6e1ffce
30696fc3,"['{\n  ""conservatism"": ""circle"",\n  ""populism"": ""square""\n}']",,14.206170082092285,8238,640,681,,[],['resp_05bb704d7e839a3b0069a81a2a67a8819393c6eb974c5353d4'],True,0.0047015,0,5,3002cd89,f11b7b4d
1fd8cef1,"['{\n  ""populism"": ""square"",\n  ""conservatism"": ""circle""\n}']",,13.611502170562744,7915,896,937,,[],['resp_0ab66ed06723721f0069a81a2b7bd8819583ef7f4194cb4a44'],True,0.0056447500000000005,0,6,aad77c96,f11b7b4d
9a1bc86f,"['{\n  ""populism"": ""square"",\n  ""conservatism"": ""circle""\n}']",,11.639859914779663,10782,512,556,,[],['resp_00afa763a255ef520069a81a2eede08199978fa5871006332e'],True,0.0048315,0,9,50492a6c,e0c703ec
33b75eae,"['{\n  ""populism"": ""circle"",\n  ""conservatism"": ""square""\n}']",,17.642709016799927,10348,960,1020,,[],['resp_07e30b6400608e470069a81a2922d4819b859c759964ce248c'],True,0.006547,0,2,c6e1ffce,f11b7b4d
22b57cef,"['{\n  ""conservatism"": ""circle"",\n  ""populism"": ""square""\n}']",,11.431108236312866,54708,512,602,,[],['resp_044425c52f6216130069a81a305b08819ab1155cd9448dea23'],True,0.015905,0,10,96be3758,dd2a0120
3c2a1bf7,"['{\n  ""populism"": ""square"",\n  ""conservatism"": ""circle""\n}']",,16.01631474494934,6280,768,805,,[],['resp_0f520b0cf9f5d4b40069a81a2c9b9c8198a8b10d989193bb53'],True,0.004716,0,7,3002cd89,57004c56
5daf4662,"['{\n  ""populism"": ""square"",\n  ""conservatism"": ""circle""\n}']",,10.405077934265137,39504,512,555,,[],['resp_0764fc791a663bff0069a81a32f1588193ae5fe1e668eeaf0e'],True,0.01201,0,13,4255acdc,dd2a0120
ee216b3e,"['{\n  ""populism"": ""circle"",\n  ""conservatism"": ""square""\n}']",,8.416410684585571,7007,448,509,,[],['resp_0f08060f5bee06330069a81a34a340819a91f66f8c8099e4c7'],True,0.0036657499999999997,0,16,57004c56,6ae62ae3
23444899,"['{\n  ""populism"": ""circle"",\n  ""conservatism"": ""square""\n}']",,20.326745986938477,5981,832,867,,[],['resp_0de5eec225722be70069a81a2912a08198bb7f6777159a376c'],True,0.00489325,0,4,101cb9f8,3002cd89
f1e7de40,"['{\n  ""conservatism"": ""circle"",\n  ""populism"": ""square""\n}']",,12.94948697090149,34128,704,756,,[],['resp_0cbbc2909bc103660069a81a33c4748194987485f29137587a'],True,0.011452,0,15,6f887208,dd2a0120
cbca9be1,"['{\n  ""populism"": ""square"",\n  ""conservatism"": ""circle""\n}']",,12.634187936782837,37604,640,705,,[],['resp_03a9e24e8e98188c0069a81a3698cc819595fc7725ac600466'],True,0.012091,0,18,256801d6,90db1316
92b2dc54,"['{\n  ""conservatism"": ""square"",\n  ""populism"": ""circle""\n}']",,15.198240041732788,30486,768,849,,[],['resp_092ee993bfaee4660069a81a35ee808198a2fc1a9699f68c5b'],True,0.0108555,0,17,7452c3c8,90db1316
85482e09,"['{\n  ""populism"": ""square"",\n  ""conservatism"": ""circle""\n}']",,12.26822304725647,34148,576,646,,[],['resp_02060f2d5fb978570069a81a3920a481909f191ac6b02eaccc'],True,0.010981,0,21,b58e84a7,dd2a0120
3341c006,"['{\n  ""conservatism"": ""square"",\n  ""populism"": ""circle""\n}']",,10.186935186386108,12656,576,653,,[],['resp_07ad9ca15211dfd70069a81a3b651c819695ae40801447f2a0'],True,0.005622,0,24,57004c56,6317e903
c1f6e952,"['{\n  ""populism"": ""square"",\n  ""conservatism"": ""circle""\n}']",,20.120424032211304,8091,704,783,,[],['resp_0738494a0fd8c4640069a81a31ec3881959ffd78f816379253'],True,0.0049967499999999995,0,12,101cb9f8,c6e1ffce
1686a593,"['{\n  ""conservatism"": ""square"",\n  ""populism"": ""circle""\n}']",,15.228461980819702,6708,960,1010,,[],['resp_0f6c21cba35c2bf10069a81a36ea608193a318cb6444a75e92'],True,0.0056170000000000005,0,19,101cb9f8,6ae62ae3
7906a8cf,"['{\n  ""populism"": ""square"",\n  ""conservatism"": ""circle""\n}']",,9.99386715888977,11572,576,640,,[],['resp_04f538b316450b4b0069a81a3ca8c481948ed28d4849fa049d'],True,0.005325,0,26,6317e903,7452c3c8
e3219b74,"['{\n  ""conservatism"": ""circle"",\n  ""populism"": ""square""\n}']",,14.138153791427612,6519,832,889,,[],['resp_05ba2f285ab2164d0069a81a3a71548198a8884ad875e18f26'],True,0.00507175,0,22,6ae62ae3,c6e1ffce
df9c7462,"['{\n  ""populism"": ""square"",\n  ""conservatism"": ""circle""\n}']",,16.22714066505432,13828,576,664,,[],['resp_0e752df97f254c540069a81a3870a881969bea2a8685984445'],True,0.005937,0,20,256801d6,7452c3c8
05f50c94,"['{\n  ""populism"": ""square"",\n  ""conservatism"": ""circle""\n}']",,24.48621416091919,4409,1024,1064,,[],['resp_048639a7ffd221fb0069a81a312f548190be7c9e10bbf880a8'],True,0.00527825,0,11,3002cd89,6ae62ae3
c398702e,"['{\n  ""populism"": ""square"",\n  ""conservatism"": ""circle""\n}']",,14.992823839187622,38997,960,1011,,[],['resp_00092f95ef2f39170069a81a3ae610819698bb141f685bc07c'],True,0.013691249999999999,0,23,3b77f34c,5d3d79df
eaebdbd3,"['{\n  ""conservatism"": ""circle"",\n  ""populism"": ""square""\n}']",,14.266376972198486,35348,896,926,,[],['resp_0e967f7528989acc0069a81a3cbd888198b4003ba81e2990fa'],True,0.012480999999999999,0,25,6317e903,90db1316
d2023c57,"['{\n  ""conservatism"": ""square"",\n  ""populism"": ""circle""\n}']",,14.238348960876465,31570,832,919,,[],['resp_06cbf5c3a750d7ff0069a81a3d11bc819789f15c64727fcaf1'],True,0.0113945,0,27,57004c56,90db1316
5d6f3e8f,"['{\n  ""conservatism"": ""square"",\n  ""populism"": ""circle""\n}']",,14.291648149490356,12357,768,811,,[],['resp_016853be1a9a56540069a81a3d535c8199b9996f65cb6932bb'],True,0.00624725,0,28,101cb9f8,6317e903
ebecc3a7,"['{\n  ""conservatism"": ""square"",\n  ""populism"": ""square""\n}']",,30.330669164657593,8579,1344,1413,,[],['resp_02fba2867000aafe0069a81a2dba648199a633275c651cbc2d'],True,0.00765875,0,8,101cb9f8,57004c56
3e1dafc1,"['{\n  ""populism"": ""circle"",\n  ""conservatism"": ""square""\n}']",,11.744515895843506,26256,640,724,,[],['resp_09cf164ad916d36c0069a81a40b4e881959dbd95d0e38a5ca1'],True,0.009292,0,29,5d3d79df,d0e93f5e
489b103d,"['{\n  ""populism"": ""square"",\n  ""conservatism"": ""circle""\n}']",,26.44315004348755,8390,1088,1156,,[],['resp_0227d2397b69a9900069a81a3381e8819a9d6cca55ae438cb8'],True,0.006585499999999999,0,14,57004c56,c6e1ffce
73706e23,"['{\n  ""populism"": ""square"",\n  ""conservatism"": ""circle""\n}']",,10.557013988494873,5923,512,569,,[],['resp_00e823752c4715880069a81a46b66c8193b20a97042f78c6cb'],True,0.00364275,0,39,6ae62ae3,7452c3c8
55747c9b,"['{\n  ""conservatism"": ""circle"",\n  ""populism"": ""square""\n}']",,14.346904039382935,33972,768,839,,[],['resp_092f74e83930c8ac0069a81a451a80819b81106b74e83ae4d6'],True,0.011707,0,31,7093a206,90db1316
66cad4d4,"['{\n  ""populism"": ""circle"",\n  ""conservatism"": ""circle""\n}']",,13.464363813400269,10196,640,678,,[],['resp_02ae4e8eb42dc9020069a81a4813148198828519772066bb87'],True,0.005185,0,35,7093a206,7452c3c8
7315ecba,"['{\n  ""conservatism"": ""square"",\n  ""populism"": ""circle""\n}']",,18.775424003601074,31271,1152,1218,,[],['resp_04a3f4fa7a78f6820069a81a4353448190b0b2a52f23fa75d6'],True,0.01255775,0,30,101cb9f8,90db1316
d512dd94,"['{\n  ""populism"": ""circle"",\n  ""conservatism"": ""circle""\n}']",,15.245426893234253,7380,640,703,,[],['resp_0a21ba2e95b514cb0069a81a494400819b8bdb070925e6d18e'],True,0.004531,0,41,5fbf744c,7452c3c8
151ed654,"['{\n  ""conservatism"": ""circle"",\n  ""populism"": ""square""\n}']",,11.884865999221802,12967,640,699,,[],['resp_0deb8f86d406ee9e0069a81a5065388193b16960d48af72d65'],True,0.00591975,0,37,323c5b64,ef7d4284
cfe50fb6,"['{\n  ""populism"": ""insufficient signal"",\n  ""conservatism"": ""square""\n}']",,23.51786708831787,18690,1216,1274,,[],['resp_05e21c5a29e65b6c0069a81a4584148196a238a673da576871'],True,0.0096525,0,32,256801d6,6317e903
ecb7b273,"['{\n  ""conservatism"": ""circle"",\n  ""populism"": ""square""\n}']",,20.389835119247437,10736,896,952,,[],['resp_081b94338e99df9c0069a81a4adb18819a86ff9171f7f3be02'],True,0.00638,0,34,4255acdc,6f887208
765e054d,"['{\n  ""conservatism"": ""circle"",\n  ""populism"": ""circle""\n}']",,15.061378717422485,7905,832,904,,[],['resp_038995bb5e3529530069a81a51ac4881998a76d410dbe21436'],True,0.00544825,0,50,b58e84a7,be8a322e
34947a27,"['{\n  ""conservatism"": ""square"",\n  ""populism"": ""insufficient signal""\n}']",,21.983665943145752,10785,1088,1150,,[],['resp_0218abaf9378c6a90069a81a4c9754819bbe36a603e5466c21'],True,0.00717225,0,36,6317e903,6ae62ae3
280d3031,"['{\n  ""conservatism"": ""circle"",\n  ""populism"": ""square""\n}']",,12.927173137664795,15137,704,787,,[],['resp_0e75c0ce05f580a90069a81a584d3c819bb5e7fe240e37bc56'],True,0.00676625,0,46,2f926b27,323c5b64
a86af080,"['{\n    ""populism"": ""circle"",\n    ""conservatism"": ""square""\n}']",,23.396227836608887,10866,768,815,,[],['resp_06ff996517ae77040069a81a4e5bf881989c18da07b9a209a8'],True,0.005882500000000001,0,38,5fbf744c,7093a206
b45ee2db,"['{\n  ""conservatism"": ""square"",\n  ""populism"": ""square""\n}']",,18.40696120262146,14498,1088,1122,,[],['resp_0317606f9364bc500069a81a55f3448197bb8845f1950a3d9d'],True,0.0080445,0,42,256801d6,5fbf744c
c4e78212,"['{\n  ""populism"": ""square"",\n  ""conservatism"": ""circle""\n}']",,23.869738340377808,11351,1024,1091,,[],['resp_0a64409bb507d9570069a81a5382c0819a977641765f02da72'],True,0.00706775,0,51,be8a322e,ef7d4284
a9c378da,"['{\n  ""conservatism"": ""circle"",\n  ""populism"": ""square""\n}']",,19.063674688339233,15756,1152,1204,,[],['resp_0d62f715aefd848c0069a81a5a99b88198a658ce4f68bb4a2d'],True,0.008650999999999999,0,48,1989c6eb,5fbf744c
dc803f54,"['{\n  ""conservatism"": ""square"",\n  ""populism"": ""insufficient signal""\n}']",,18.98433804512024,17314,832,898,,[],['resp_08ea2240b9bc11260069a81a5d44e0819687d37ac172bc7774'],True,0.0077885,0,40,256801d6,7093a206
2ba7d06c,"['{\n  ""conservatism"": ""square"",\n  ""populism"": ""circle""\n}']",,18.038119316101074,18572,1088,1147,,[],['resp_056819ac8bedd5830069a81a601c18819aac4b50f6a573b775'],True,0.009113,0,55,1989c6eb,7093a206
34484c43,"['{\n  ""populism"": ""circle"",\n  ""conservatism"": ""circle""\n}']",,16.254114866256714,8846,960,1039,,[],['resp_021f5d196bd9d56b0069a81a629d0c81968076a25fc3300883'],True,0.0062095,0,59,b58e84a7,ef7d4284
8f300096,"['{\n  ""populism"": ""circle"",\n  ""conservatism"": ""square""\n}']",,12.68222689628601,12026,768,843,,[],['resp_0891833435e1f3ef0069a81a66ed34819abfee361247913c30'],True,0.0062285,0,61,323c5b64,be8a322e
1a53c04a,"['{\n  ""populism"": ""square"",\n  ""conservatism"": ""circle""\n}']",,15.167447090148926,14462,640,699,,[],['resp_0e1cfd50b0961f7e0069a81a693860819b9c01b37e8b645741'],True,0.0062935,0,60,2f926b27,ef7d4284
c8d09d53,"['{\n  ""conservatism"": ""square"",\n  ""populism"": ""circle""\n}']",,12.771717071533203,18772,768,821,,[],['resp_044037a2893ece810069a81a6c171c8198a8726f52e7ed0b05'],True,0.007871,0,63,5d3d79df,e0c703ec
82596c0b,"['{\n  ""conservatism"": ""square"",\n  ""populism"": ""insufficient signal""\n}']",,10.474844932556152,20047,576,617,,[],['resp_0a7e2cad0c2b2a2f0069a81a6f3d888199b11bf4e2f61004f0'],True,0.00739775,0,64,1989c6eb,2f926b27
16b8e02d,"['{\n  ""populism"": ""square"",\n  ""conservatism"": ""circle""\n}']",,7.9321558475494385,10756,576,610,,[],['resp_01598e0aa147cfab0069a81a721eb0819abc81dcaa4d21cfe6'],True,0.0050609999999999995,0,66,4255acdc,b58e84a7
f6456c11,"['{\n  ""populism"": ""circle"",\n  ""conservatism"": ""square""\n}']",,21.1509211063385,22204,1344,1389,,[],['resp_07a5ccaf9c59a7ac0069a81a64f33081988f12885f68aa00a6'],True,0.011017,0,58,1989c6eb,256801d6
9cbb75f6,"['{\n  ""populism"": ""circle"",\n  ""conservatism"": ""square""\n}']",,12.428799152374268,15982,704,758,,[],['resp_017fc0be9e90f16e0069a81a738838819090dd554daafcb770'],True,0.0069195,0,67,1501be28,6f887208
7c8c5fdb,"['{\n  ""conservatism"": ""square"",\n  ""populism"": ""circle""\n}']",,11.348668098449707,9521,768,846,,[],['resp_09cbd2bbf7b2f07b0069a81a75334c81989cd5fef39ef41381'],True,0.00560825,0,68,323c5b64,b58e84a7
0b8dd13c,"['{\n  ""populism"": ""square"",\n  ""conservatism"": ""square""\n}']",,17.5854389667511,25557,960,1037,,[],['resp_0d2c995552a986400069a81a78f5148196aa28b50871576927'],True,0.01038325,0,44,1501be28,d0e93f5e
45a42809,"['{\n  ""conservatism"": ""square"",\n  ""populism"": ""circle""\n}']",,15.660722970962524,12341,1088,1121,,[],['resp_05d6a778cd056b780069a81a7aef6c8194919cced6b69b4c2a'],True,0.0075032499999999995,0,73,2f926b27,5fbf744c
5ed99f28,"['{\n  ""conservatism"": ""circle"",\n  ""populism"": ""square""\n}']",,15.855706930160522,20012,960,997,,[],['resp_07552a786b07d7430069a81a7e0980819b824df6b33ee235dc'],True,0.008917,0,71,50492a6c,5d3d79df
f050877a,"['{\n  ""conservatism"": ""circle"",\n  ""populism"": ""square""\n}']",,14.105950117111206,18552,896,932,,[],['resp_0fe20e6cd06a19a60069a81a80f96c8199b64bd424bed840fc'],True,0.008294,0,74,1989c6eb,323c5b64
2b58d986,"['{\n  ""conservatism"": ""circle"",\n  ""populism"": ""square""\n}']",,12.091048002243042,25960,704,736,,[],['resp_0690fcb6e31f46c40069a81a886b9c81958d20dcee2c35baae'],True,0.00937,0,49,96be3758,b58e84a7
545c6018,"['{\n  ""populism"": ""circle"",\n  ""conservatism"": ""square""\n}']",,19.009888172149658,21358,1024,1102,,[],['resp_0f35ac083adb29510069a81a8496b08196bc642fd2ab85a59f'],True,0.0095915,0,75,1501be28,4255acdc
2a25d065,"['{\n  ""populism"": ""square"",\n  ""conservatism"": ""square""\n}']",,16.933568954467773,17026,1088,1169,,[],['resp_03c9549e00acd95a0069a81a8ab888819b86e7ca44a32a7113'],True,0.0087705,0,77,d0e93f5e,e0c703ec
d5ff0885,"['{\n  ""populism"": ""circle"",\n  ""conservatism"": ""circle""\n}']",,16.54464292526245,25940,1088,1154,,[],['resp_07b9eef98f78c6a90069a81a8e9f988199a68cb8593db7cd3d'],True,0.010969,0,53,6f887208,96be3758
149747c9,"['{\n  ""conservatism"": ""square"",\n  ""populism"": ""square""\n}']",,15.701414823532104,14935,832,879,,[],['resp_0b6dab2e5cfc1f120069a81a9106a48194bdec40cac34f03d9'],True,0.007155750000000001,0,79,6f887208,d0e93f5e
7d3e73d8,"['{\n  ""populism"": ""square"",\n  ""conservatism"": ""circle""\n}']",,10.103890180587769,13521,640,719,,[],['resp_01cb99fe44fa81cd0069a81a9745d081979097ce7580e7421a'],True,0.0060982499999999995,0,81,2f926b27,be8a322e
0f58469f,"['{\n  ""conservatism"": ""square"",\n  ""populism"": ""square""\n}']",,14.185913801193237,27303,832,871,,[],['resp_0fa66dcfac39ab930069a81a951e70819abe9b6b836122be3b'],True,0.010231750000000001,0,54,1501be28,5d3d79df
c7c3da1c,"['{\n  ""populism"": ""circle"",\n  ""conservatism"": ""circle""\n}']",,7.9896039962768555,7529,512,544,,[],['resp_071b31617a08c0bc0069a81aa249548193be084aff72a39da1'],True,0.00399425,0,85,50492a6c,aad77c96
2435b38a,"['{\n  ""conservatism"": ""circle"",\n  ""populism"": ""square""\n}']",,12.378723859786987,18266,896,938,,[],['resp_08e1a1611c4ccdf40069a81a9e60748195b7e641dca883ff2e'],True,0.0082345,0,82,50492a6c,d0e93f5e
053a6e1f,"['{\n  ""populism"": ""square"",\n  ""conservatism"": ""circle""\n}']",,18.472213983535767,28465,960,1032,,[],['resp_0e927e272f7353e80069a81a9bba7c819398d8064d2075951c'],True,0.011100249999999999,0,70,96be3758,be8a322e
da125eda,"['{\n  ""populism"": ""circle"",\n  ""conservatism"": ""circle""\n}']",,11.90961503982544,11168,768,804,,[],['resp_06ce8a0b7be5c68b0069a81aa46ce8819aa686c4732ebda445'],True,0.005936,0,86,e0c703ec,f11b7b4d
9b285120,"['{\n  ""conservatism"": ""square"",\n  ""populism"": ""circle""\n}']",,15.71782922744751,16681,768,854,,[],['resp_06c90b644d248d460069a81aa0fec8819689d21ecb2c058303'],True,0.007414250000000001,0,83,5d3d79df,6f887208
22100643,"['{\n  ""conservatism"": ""circle"",\n  ""populism"": ""circle""\n}']",,12.097807168960571,12408,768,838,,[],['resp_06fe5cc1371238b80069a81aaa85f081989daabcb00fcaa41e'],True,0.006314,0,87,50492a6c,f11b7b4d
7fc49cae,"['{\n  ""conservatism"": ""square"",\n  ""populism"": ""circle""\n}']",,10.597361087799072,8339,448,535,,[],['resp_0fb9c201485d130f0069a81aae018c819abbdaa23d19308f84'],True,0.00405075,0,89,323c5b64,aad77c96
f308de55,"['{\n  ""conservatism"": ""circle"",\n  ""populism"": ""circle""\n}']",,11.968637943267822,7529,512,595,,[],['resp_0114c62d3922077e0069a81ab0171881998bb97e9acf3d2e63'],True,0.00409625,0,90,50492a6c,aad77c96
b6810920,"['{\n  ""populism"": ""circle"",\n  ""conservatism"": ""circle""\n}']",,22.065574884414673,29406,1280,1324,,[],['resp_0303371ecc69ae040069a81aa8ba848193a9b73e8dbc14d152'],True,0.012559500000000001,0,78,96be3758,ef7d4284
46185c85,"['{\n  ""populism"": ""circle"",\n  ""conservatism"": ""square""\n}']",,16.999324798583984,29767,896,935,,[],['resp_0fa02227e389baf30069a81ab1c5b081939839e65cbf1dca7f'],True,0.011103749999999999,0,88,3b77f34c,e0c703ec
90a955f6,"['{\n  ""conservatism"": ""square"",\n  ""populism"": ""circle""\n}']",,14.409765005111694,29767,704,782,,[],['resp_091612f211b6192d0069a81ab6687c81958bb68a705b0fc775'],True,0.01041375,0,72,3b77f34c,e0c703ec
0b093f14,"['{\n  ""conservatism"": ""square"",\n  ""populism"": ""square""\n}']",,13.595844030380249,30289,768,811,,[],['resp_0530cc9d45037b0d0069a81abab98c81909aef15280524962a'],True,0.01073025,0,69,5fbf744c,c3cfa36a
36bd8ca1,"['{\n  ""conservatism"": ""square"",\n  ""populism"": ""circle""\n}']",,15.267779111862183,31007,832,901,,[],['resp_0443cd234a5bf05d0069a81abf8740819a9896d0d8bc154637'],True,0.01121775,0,80,3b77f34c,50492a6c
7b1a0374,"['{\n  ""populism"": ""circle"",\n  ""conservatism"": ""circle""\n}']",,13.845966100692749,32661,832,899,,[],['resp_02fcad745ad2e8890069a81acdf470819a932e5eae7cbe47b1'],True,0.01162725,0,91,c3cfa36a,f11b7b4d
ada1ec57,"['{\n  ""conservatism"": ""square"",\n  ""populism"": ""square""\n}']",,19.47391986846924,32410,1216,1267,,[],['resp_02100edae9056ee20069a81ac8e11481948ea0d538552f4d39'],True,0.0130685,0,65,c3cfa36a,ef7d4284
bc0f39ef,"['{\n  ""conservatism"": ""square"",\n  ""populism"": ""square""\n}']",,24.797978162765503,31316,1536,1589,,[],['resp_0245b5f2d55bc3a30069a81ac3ffb48198bc7a56a3f4ea8e91'],True,0.014079,0,47,4255acdc,96be3758
db2855a7,"['{\n  ""conservatism"": ""circle"",\n  ""populism"": ""square""\n}']",,11.734939336776733,33085,768,811,,[],['resp_07418681ff48d1b40069a81ad2a004819b8a0fd08c65b92ca2'],True,0.011429250000000002,0,52,323c5b64,c3cfa36a
40bdcb47,"['{\n  ""populism"": ""circle"",\n  ""conservatism"": ""square""\n}']",,17.22650408744812,33052,1088,1173,,[],['resp_0670481b960f391c0069a81ad824648197a10e517913879c94'],True,0.012785,0,84,3b77f34c,4255acdc
ad0e9cec,"['{\n  ""populism"": ""square"",\n  ""conservatism"": ""circle""\n}']",,15.46964979171753,33105,832,868,,[],['resp_024eac54e04a527f0069a81adcafcc8199bf731aa8bb533b1b'],True,0.01167625,0,76,7093a206,c3cfa36a
18b232b2,"['{\n  ""populism"": ""circle"",\n  ""conservatism"": ""circle""\n}']",,14.894934177398682,34580,896,951,,[],['resp_0c0c9849d73852f60069a81ae197708196898dcf818567cc57'],True,0.012339,0,43,2f926b27,c3cfa36a
4c1a7a1c,"['{\n  ""populism"": ""square"",\n  ""conservatism"": ""circle""\n}']",,10.228374004364014,36653,512,546,,[],['resp_05001a33f4eb60620069a81aec59c4819992961f7a95960e0e'],True,0.01127925,0,45,be8a322e,dd2a0120
e4ed4ce6,"['{\n  ""populism"": ""square"",\n  ""conservatism"": ""circle""\n}']",,11.6245858669281,37995,640,685,,[],['resp_0ab5154580e613920069a81af1ef8481909e16ec10072f2127'],True,0.01214875,0,62,1989c6eb,c3cfa36a
358fdb60,"['{\n  ""populism"": ""square"",\n  ""conservatism"": ""circle""\n}']",,23.846681833267212,37251,1536,1626,,[],['resp_0878ccb0d64e2fe80069a81ae71f3c8194ac8a6f74f91bd137'],True,0.015636749999999998,0,33,3b77f34c,d0e93f5e
a2d6859a,"['{\n  ""populism"": ""circle"",\n  ""conservatism"": ""square""\n}']",,16.85046911239624,38298,768,803,,[],['resp_02fe7e219499d5a90069a81af7989881989aa23ce4a826085b'],True,0.012716499999999999,0,57,1501be28,3b77f34c
f9411a60,"['{\n  ""populism"": ""square"",\n  ""conservatism"": ""circle""\n}']",,11.544322967529297,44750,512,582,,[],['resp_00d1175079c7dac60069a81afe2580819888e69a7f5353490e'],True,0.013375499999999999,0,56,1501be28,dd2a0120
